Código,Descrição,Início de Vigência,Fim de Vigência
155201,"DRF-PASSO FUNDO (NAC. RECOF,AD TEMP,DEP ESP)",03/10/2024,-
201101,AEROPORTO INTERNACIONAL PELOTAS - INFRAERO - RS,13/02/2019,-
201701,PORTOS RS - AUTORIDADE PORTUÁRIA DOS PORTOS DO RIO GRANDE DOSUL S/A - ,14/03/2023,-
259801,DRF-SANTA MARIA (NAC.ADM. TEMP. NOTICIA 82/06),21/11/2011,-
301301,PORTOS RS - AUTORIDADE PORTUÁRIA DOS PORTOS DO RIO GRANDE DOSUL S/A - ,28/02/2023,-
301302,TERMINAL GRANELEIRO S/A - TERGRASA,12/02/2022,-
301304,INST.PORT.MAR.ALF.USO PUBLICO-TECON RIO GRANDE-RIO GRANDE/RS,18/03/2019,-
301401,INST.PORT.MARIT.PRIV. - ADUBOS TREVO S/A - RIO GRANDE/RS,12/01/2017,-
301402,INSTALACAO PORT.MAR.DE USO PRIVATIVO - TERMASA-TERM.MAR.LUIZFOGLIATO S/A,03/10/2024,-
301403,INST.PORT.MAR.ALF-USO PRIV.BIANCHINI S/A-PT.DE RIO GRANDE/RS,12/01/2017,-
301404,INST.PORT.MAR.ALF.USO PRIV.EXCL.BUNGE AL.S/A RIO GRANDE,24/10/2018,-
302701,VANZIN TERMINAIS E SERVIÇOS ADUANEIROS LTDA,12/02/2022,-
302702,VANZIN TERMINAIS E SERVIÇOS ADUANEIROS LTDA,18/07/2024,-
303001,MSC MEDITERRANEAN LOGÍSTICA LTDA,10/07/2023,-
303501,BASE ALFANDEGADA DO MMAR.-ESTAÖÀO NAVAL DE RIO GRANDE,26/01/2009,-
303801,TERMINAL LOGÍSTICO DO ARROZ - TLA,25/05/2022,-
303802,CAIS MULTIPLOS PROPÓSITOS,05/10/2022,-
353201,EADI - PORTO SECO TRANSPORTES LTDA,12/02/2022,-
403201,EADI-MULTI ARMAZENS LTDA-NOVO HAMBURGO/RS,11/06/2026,-
451901,SANTANA DO LIVRAMENTO/RS-PONTO DE FRONTEIRA (BRASIL/URUGUAI),25/07/2020,-
453201,PORTO SECO - MULTILOG SUL ARMAZENS GERAIS LTDA,25/07/2020,-
453301,EST.FER.ALF.-ALL-AMERICA LATINA LOGISTICA S/A-SANTANA DO LI- VRAMENTO-RS.,25/07/2020,-
471901,QUARAI/RS - PONTO DE FRONTEIRA (BRASIL/URUGUAI),25/04/2019,-
471902,PONTO DE FRONTEIRA ALFANDEGADO - QUARAÍ,23/03/2018,-
511901,PONTO DE FRONTEIRA - PORTO MAUÁ/RS - CARGAS,12/02/2022,-
511902,PONTO DE FRONTEIRA ALFANDEGADO - PORTO MAUÁ,12/02/2022,-
511903,PONTO DE FRONTEIRA - PORTO MAUÁ/RS - BAGAGEM,25/07/2020,-
555201,"DRF-SANTA CRUZ DO SUL (NAC. RECOF,AD TEMP,DEP ESP)",25/07/2020,-
601102,AEROPORTO RUBEN BERTA DE URUGUAIANA/RS,14/05/2024,-
601901,URUGUAIANA/RS - PONTO DE FRONTEIRA (BRASIL/ARGENTINA),14/03/2023,-
601902,PONTO DE FRONTEIRA ALFANDEGADO - URUGUAIANA,23/03/2018,-
603201,PORTO SECO - MULTILOG SUL ARMAZENS GERAIS LTDA,04/07/2020,-
603301,EST.FER.ALF. - ALL-AMERICA LATINA LOGISTICA S/A - SANTO INA- CIO-URUGUAIANA/RS,01/01/2018,-
603401,AERÓDROMO DA BASE AÉREA DE SANTA MARIA/RS,14/05/2024,-
611901,BARRA DO QUARAI/RS PONTO DE FRONTEIRA (BRASIL/URUGUAI),01/01/2018,-
611902,PONTO DE FRONTEIRA - BARRA DO QUARAÍ,05/04/2018,-
621501,PORTO DE ITAQUI - PORTO FLUVIAL ALFANDEGADO - ITAQUI/RS,12/02/2022,-
621502,PORTO DE ITAQUI,16/03/2018,-
651901,CHUI/RS - PONTO DE FRONTEIRA (BRASIL/URUGUAI),01/01/2018,-
651902,PONTO DE FRONTEIRA ALFANDEGADO- CHUÍ,23/03/2018,-
911101,AEROPORTO INTERNAC. SALGADO FILHO-PORTO ALEGRE/RS,12/11/2021,-
916105,DUFRY LOJAS FRANCAS LTDA. - LOJA FRANCA DE EMBARQUE,12/11/2021,-
916106,DUFRY - LOJA FRANCA DE DESEMBARQUE,12/11/2021,-
917202,DAF - TAP PORTUGAL,12/11/2021,-
917203,DAF - TAM LINHAS AEREAS S/A,12/11/2021,-
917205,COMPANIA PANAMEÑA DE AVIACION S.A,01/01/2018,-
917703,DUFRY - DEPÓSITO DE LOJA FRANCA,19/11/2021,-
919901,RFB - BAGAGEM ACOMPANHADA - AISF,18/10/2019,-
921301,PETROBRáS TRANSPORTE S/A - TRANSPETRO,12/01/2017,-
921302,PETRóLEO BRASILEIRO S/A - PETROBRáS,12/01/2017,-
922201,GRANEL QUÍMICA LTDA,12/02/2022,-
923201,TRANSCONTINENTAL LOGÍSTICA_S.A,15/03/2023,-
923801,BRASKEM S/A,12/02/2022,-
931301,INST. PORTUARIA MAR. PETROBRAS TRANSP.S/A-IMBE-RS,12/02/2022,-
931501,PORTOS RS - AUTORIDADE PORTUÁRIA DOS PORTOS DO RIO GRANDE DOSUL S/A - ,28/02/2023,-
931502,TERMINAL DE SANTA CLARA - BRASKEM - TRIUNFO/RS,12/02/2022,-
933201,EADI-BANRISUL ARM.GER.AV.GET.VARGAS 8201 - CANOAS/RS,12/02/2022,-
933401,BASE ALFANDEGADA DO MAER.-BASE AEREA DE CANOAS/BACO,01/01/2018,-
941101,AEROPORTO INTERNACIONAL COMANDANTE GUSTAVO KRAEMER,12/01/2017,-
941901,ACEGUA - PONTO DE FRONTEIRA (BRASIL/URUGUAI) - BAGE/RS,14/03/2023,-
941902,PONTO DE FRONTEIRA ALFANDEGADO - ACEGUÁ,12/02/2022,-
951901,PORTO XAVIER/RS - PONTO DE FRONTEIRA (BRASIL/ARGENTINA),14/03/2023,-
951902,PONTO DE FRONTEIRA ALFANDEGADO - PORTO XAVIER,25/07/2020,-
963701,CUF SÃO BORJA/SANTO TOMÉ - CS RODOVIAS MERCOSUL S/A,03/12/2025,-
971901,JAGUARAO - PONTO DE FRONTEIRA (BRASIL/URUGUAI) JAGUARAO/RS,17/03/2024,-
971902,PONTO DE FRONTEIRA ALFANDEGADO - JAGUARÃO,23/03/2018,-
973201,PORTO SECO - MULTILOG SUL ARMAZENS GERAIS LTDA,04/07/2020,-
1201101,PAC LOGÍSTICA E HANGARAGEM LTDA,20/01/2026,-
1201103,CONCESSIONÁRIA DO BLOCO CENTRAL S.A.,14/04/2022,-
1201104,TERMINAL DE CARGAS DO AEROPORTO INTERNACIONAL SANTA GENOVEVA,21/01/2026,-
1201201,TECA-AEROPORTO SANTA GENOVEVA-GOIANIA,05/08/2020,-
1303201,PORTO SECO CENTRO OESTE - DAIA/ANAPOLIS/GO,10/01/2017,-
1303401,COMANDO DA AERONÁUTICA - ALA 2,24/09/2024,-
1401101,TECA DO AEROPORTO INTERNACIONAL MARECHAL RONDON EM VÁRZEA GRANDE - MT,24/12/2025,-
1401102,TERMINAL DE PASSAGEIROS DO AEROPORTO INTERNACIONAL MARECHAL RONDON EM ,06/12/2025,-
1401103,HANGAR DO AEROPORTO INTERNACIONAL MARECHAL RONDON,25/06/2026,-
1402702,REDEX EM RONDONÓPOLIS/MT,03/12/2024,-
1403201,PORTO SECO DE CUIABA-MT/TRANSMINO TRANSP.LTDA,14/03/2023,-
1501103,AEROPORTO INTERNACIONAL DE CAMPO GRANDE - MS,09/01/2024,-
1531601,INSTALACAO PORTUARIA FLUVIAL DE USO PRIVATIVO,13/03/2020,-
1531603,TERMINAL PORTUÁRIO FLUVIAL DA ITAHUM TERMINAL,23/07/2024,-
1531901,PORTO MURTINHO (BRASIL-PARAGUAI) PONTO DE FRONTEIRA ALFANDEGADO - PORTO ,01/01/2018,-
1531902,OBRA DA PONTE DE PORTO MURTINHO,11/12/2025,-
1609801,DRF/PALMAS - NACIONALIZAÇÃO ADM.TEMP.(NOTICIA82/06),23/07/2010,-
1911101,AEROPORTO INTERNACIONAL JK - INFRAMÉRICA - AEROPORTO INTERNA CIONAL ,06/01/2017,-
1913201,"LOGSERVE-LOGISTICA, ARMAZENAGEM E SERVIçOS LTDA.",09/01/2017,-
1913401,BASE ALFANDEGADA DO MAER.-BASE A°REA DE BRASªLIA/BABR,10/01/2017,-
1915301,ENERGIA ELETRICA-POTENCIA - IN SRF 649 DE 2006,26/01/2009,-
1916103,LOJA FRANCA-DUFRY DO BRASIL DUTY FREE SHOP LTDA,05/01/2015,-
1916104,LOJA FRANCA-DUFRY DO BRASIL DUTY FREE SHOP LTDA,05/01/2015,-
1916105,DUFRY LOJAS FRANCAS LTDA - LOJA FRANCA DE EMBARQUE,03/04/2025,-
1916106,DUFRY LOJAS FRANCAS LTDA - LOJA FRANCA DE DESEMBARQUE,03/04/2025,-
1917201,DEPOSITO AFIANCADO - AMERICAN AIRLINES.INC,18/11/2010,-
1917202,DEPOSITO AFIANCADO - TAP AIR PORTUGUAL,17/11/2010,-
1917203,DEPOSITO AFIANCADO - DELTA AIR LINES INC.,18/11/2010,-
1917204,DEPOSITO AFIANCADO - TAM LINHAS AEREAS S/A,30/01/2013,-
1917205,DEPóSITO AFIANçADO - SOCIETÉ AIR FRANCE,22/07/2014,-
1917702,DEP. DE LOJA FRANCA-DUFRY DO BRASIL DUTY FREE SHOP LTDA,10/01/2017,-
1917703,LOJA FRANCA - DUFRY DO BRASIL DUTY FREE SHOP LTDA.,10/01/2017,-
1917704,DUFRY LOJAS FRANCAS LTDA - DEPÓSITO DE LOJA FRANCA,03/04/2025,-
1919901,RFB - BAGAGEM ACOMPANHADA - JOIAS - BSB,22/01/2019,-
1921901,MUNDO NOVO (BRASIL-PARAGUAI) PONTO DE FRONTEIRA ALFANDEGADO MUNDO ,01/01/2018,-
1921902,PONTO DE FRONTEIRA ALFANDEGADO - MUNDO NOVO,23/03/2018,-
1931102,AEROPORTO INTERNACIONAL DE CORUMBÁ/MS,16/01/2024,-
1931502,PORTO GREGORIO CURVO-PORTO FLUVIAL ALFAND-USO PUBLICO MINERACAO ,01/01/2018,-
1931601,GRANEL QUIMICA LTDA.,04/09/2019,-
1931604,TERMINAL FLUVIAL PORTO CORREA,27/03/2023,-
1931901,POSTO ESDRAS (BRASIL-BOLIVIA) PONTO DE FRONTEIRA ALFANDEGADO ESTRADA RAMOS ,14/03/2023,-
1932701,REDEX TRANSAÇO,28/09/2023,-
1933101,AGESA SA - CORUMBA/MS - ESTACAO ADUANEIRA DE FRONTEIRA ARMAZENS GERAIS ,01/01/2018,-
1933501,BASE ALFANDEGADA DO MMAR.-BASE FLUVIAL DE LAD±RIO,01/01/2018,-
1941101,AEROPORTO INTERNACIONAL DE PONTA PORã/INFRAERO,01/01/2018,-
1941102,AEROPORTO INTERNACIONAL DE PONTA PORÃ/MS,16/01/2024,-
1941601,ITAHUM EXPORT COMÉRCIO DE CEREAIS LTDA.,13/03/2020,-
1941602,TERMINAL DE USO PRIVADO HIDRONAVE,30/03/2026,-
1941901,PONTA PORA (BRASIL-PARAGUAI) PONTO DE FRONTEIRA ALFANDEGADO PONTA PORA/MS,12/02/2022,-
1941902,PONTO DE FRONTEIRA ALFANDEGADO - PONTA PORÃ,12/02/2022,-
1951902,PONTO DE FRONTEIRA ALF-DESTACAMENTO CORIXA-BR/BO-CACERES/MT,14/03/2023,-
1951903,PONTO DE FRONTEIRA ALFANDEGADO - CORIXA,23/03/2018,-
1958101,ZONA DE PROCESSAMENTO DE EXPORTAÇÃO DE CÁCERES/MT,06/07/2026,-
1961901,BELA VISTA (BRASIL-PARAGUAI) PONTO DE FRONTEIRA ALFANDEGADO BELA VISTA/MS,01/01/2018,-
2101101,AEROPORTO DE SANTARÉM - PARÁ - MAESTRO WILSON FONSECA,10/11/2023,-
2101501,PORTO DE SANTAREM-PORTO FLUVIAL ALFANDEGADO-USO PUBLICO CIA DOCAS DO PARA ,13/06/2017,-
2101601,PORTO TROMBETAS-INSTAL.PORT.FLUV.ALFANDEG-USO PRIVATIVO MINERACAO RIO DO ,12/02/2022,-
2101602,INST PORT FLUV.USO MISTO/CARGILL AGRICOLA S/A,13/06/2017,-
2101603,ALCOA WORLD ALUMINA BRASIL LTDA.,12/02/2022,-
2101604,INSTALAÇÃO PORTUÁRIA ATEM SANTARÉM,12/09/2024,-
2157101,D.E.A-CIA. VALE DO RIO DOCE-SERRA DOS CARAJÁS-PARAUPEBAS/PA,26/01/2009,-
2159801,DRF/MARABÁ - NACIONALIZAÇÃO ADM. TEMP.(NOTICIA 82/06),19/08/2025,-
2201601,INST.PORT.FLUV.ALFANDEGADA-USO PRIVAT.CAULIM DA AMAZONIA S/A PORTO DE ,14/03/2023,-
2201602,INST.PORT.FLUV.ALF.-USO PRIVAT.CIA FLORESTAL MONTE DOURADO-PORTO DE ,14/03/2023,-
2211501,PORTO FLUVIAL ALF.- USO PúBLICO - SNPH AMAZONAS,26/01/2009,-
2222222,ENTRADA E SAIDA FICTA,27/10/2016,-
2222222,ENTRADA/SAIDA FICTA-ALF.AER. EDUARDO GOMES,27/10/2016,-
2222222,ENTRADA/SAíDA FICTA - DRF/SOROCABA,27/10/2016,-
2222222,ENTRADA - SAIDA FICTA - ALF PORTO DE MANAUS,27/10/2016,-
2222222,REPETRO - ALF PORTO VITÓRIA,27/10/2016,-
2222222,ENTRADA SAíDA FICTA,27/10/2016,-
2222222,ENTRADA / SAIDA FICTA,27/10/2016,-
2222222,SAIDA FICTA - DRF/JOI - NOT EXP 07/02 E IN RFB 369/03,27/10/2016,-
2222222,SAíDA FICTA - DRF SãO JOSé DOS CAMPOS,27/10/2016,-
2222222,EXPORTAçãO E IMPORTAçãO FICTA,27/10/2016,-
2222222,ENTRADA/SAIDA FICTA_- IRF PARNAMIRIM,27/10/2016,-
2222222,ENTRADA/SAÍDA FICTA - DRF/PORTO VELHO,27/10/2016,-
2222222,ENTRADA/SAÍDA FICTA - DRF LIMEIRA,27/10/2016,-
2222222,REPETRO - DRF/NITERÓI/RJ,27/10/2016,-
2222222,ENTRADA-SAIDA FICTA,27/10/2016,-
2222222,REPETRO/SAIDA FICTA - ALF PORTO_RIO DE JANEIRO,27/10/2016,-
2222222,ENTRADA/SAIDA FICTA - ALF/ITAJAI,27/10/2016,-
2222222,REPETRO-SAÍDA FICTA/IRF SÃO SEBASTIÃO,27/10/2016,-
2222222,ENTRADA - SAíDA FICTA/DRF ANáPOLIS - GO,27/10/2016,-
2222222,SAíDA FICTA - DRF/JUIZ DE FORA,27/10/2016,-
2222222,ENTRADA/SAIDA FICTA (ALF/SP),27/10/2016,-
2222222,ENTRDA/SAíDA FíCTA - DRF - UBERLâNDIA - MG,27/10/2016,-
2222222,IMP/EXP. FÍCTA-ALF/AER.INTERN.S.PAULO/GUARULHOS - SP,27/10/2016,-
2222222,IMP/EXP - FíCTA - ALF/PORTO DE SANTOS,27/10/2016,-
2222222,ENTRADA/SAIDA FICTA - IRF/NATAL,27/10/2016,-
2222222,REMICEX - ENTRADA/SAíDA FICTA,01/01/2018,-
2222222,ENTRADA/SAíDA FíCTA - ALF/PORTO DE PECEM - CE,01/01/2018,-
2222222,ENTRADA/SAÍDA FICTA - EADI YOLANDA - RECIFE - PE,01/01/2018,-
2222222,EXPORTAÇÃO/IMPORTAçÃO FÍCTA - ALF/PORTO SUAPE,01/01/2018,-
2222222,ENTRADA E SAIDA/FICTA,01/01/2018,-
2222222,ENTRADA/SAIDA FICTA (IRF/CURITIBA),01/01/2018,-
2222222,ENTRADA/SAÍDA FICTA - BARCARENA,16/01/2018,-
2222222,RECINTO ENRTADA/SAíDA FICTA,23/01/2018,-
2222222,ENTRADA/SAÍDA FICTA REPETRO,25/05/2018,-
2222222,ENTRADA E SAÍDA FICTA,18/06/2018,-
2222222,ENTRADA/SAÍDA FICTA - DRF/PIRACICABA,30/07/2018,-
2222222,ENTRADA/ SAIDA FICTA,25/07/2020,-
2222222,IMP/EXP. - FICTA - DRF/CAMPOS DOS GOITACAZES,25/07/2020,-
2222222,ENTRADA/SAÍDA FICTA - MACAÉ,25/07/2020,-
2222222,ENTRADA - SAIDA FICTA,25/07/2020,-
2222222,ENTRA/SAÍDA FICTA - DRF/ARARAGUARA,25/07/2020,-
2222222,REPETRO INDUSTRIALIZAÇÃO - ENTRADA/SAÍDA FICTA - ALF-GIG,20/03/2021,-
2222222,ENTRADA/SAÍDA FICTA,21/03/2021,-
2222222,ENTRADA/SAÍDA FICTA - REGIMES ESPECIAIS,20/04/2021,-
2222222,ENTRADA FICTA,14/05/2021,-
2222222,ENTRADA E SAÍDA FICTA - IMBITUBA/SC,20/04/2022,-
2301102,AEROPORTO DE RIO BRANCO,29/03/2023,-
2301901,PONTO DE FRONTEIRA ALFANDEGADO - SANTA ROSA DO PURUS,21/11/2019,-
2301902,PONTO DE FRONTEIRA ALFANDEGADO - MARECHAL THAUMATURGO,05/02/2019,-
2305301,RECINTO ESP. ENERGIA ELETRICA EXP. IMP.(DRF/RIO BRANCO),26/01/2009,-
2308101,AZPE/AC,19/11/2025,-
2311901,EPITACIOLANDIA (BRASIL-BOLIVIA)PONTO DE FRONTEIRA ,12/02/2022,-
2311902,PONTO DE FRONTEIRA ALFANDEGADO - EPITACIOLÂNDIA,12/02/2022,-
2401101,AEROPORTO INTERNACIONAL DE MACAPA,07/08/2023,-
2401502,PORTO ORGANIZADO DE SANTANA/AMAPA,14/03/2023,-
2409901,RFB - BAGAGEM ACOMPANHADA - MCP,15/09/2022,-
2411902,PONTO DE FRONTEIRA ALFANDEGADO - OIAPOQUE,12/02/2022,-
2501102,AEROPORTO DE PORTO VELHO,03/05/2023,-
2501501,PORTO FLUV.ALF-PORTO VELHO-SOCIEDADE DE PORTOS E HIDROVIAS DOESTADO DE ,14/03/2023,-
2501601,J.F. DE OLIVEIRA NAVEGAÇÃO LTDA.,17/03/2025,-
2501602,DISTRIBUIDORA EQUADOR DE PRODUTO DE PETRÓLEO,18/02/2025,-
2509801,DRF-PORTO VELHO (NAC.ADM. TEMP. NOTICIA 82/06,24/01/2017,-
2601101,BOA VISTA - AEROPORTO INTERNACIONAL ALFANDEGADO,12/02/2022,-
2603401,BASE ALFANDEGADA DO MAER.-BASE A°REA DE BOA VISTA/BABV,12/02/2022,-
2610001,PáTIO DO PONTO DE FRONTEIRA DE PACARAIMA,12/02/2022,-
2611901,MARCO BV-8 (BRASIL-VENEZUELA) PONTO DE FRONTEIRA ALFANDEGADO-PACARAIMA/RR,12/02/2022,-
2615301,CENTRAIS ELETRICAS DO NORTE DO BRASIL S/A,26/01/2009,-
2621901,ROD.BR 401 MARGENS DO RIO TACUTU (BRASIL/GUIANA),15/03/2023,-
2621902,PONTO DE FRONTEIRA ALFANDEGADO - BONFIM,12/02/2022,-
2711502,PORTO ORG. DE VILA DO CONDE/BARCARENA-PORTO FLUV.ALFANDEGADO,14/03/2023,-
2711603,ADM PORTOS DO PARÁ LTDA.,12/02/2022,-
2711604,RIO CAPIM CAULIM SA-INST.PORT.FLUV.ALF.USO PRIV.BARCARENA/PA,23/03/2018,-
2711605,INST.PORT.FLUV.ALF.USO PRIV.-CONVICON CONTEINERES DE VILA DO,23/03/2018,-
2711607,HIDROVIAS DO BRASIL - VILA DO CONDE S.A,12/02/2022,-
2910001,PÁTIO DO PORTO DE BELÉM,07/06/2024,-
2910002,PÁTIO DO PORTO DE VILA DO CONDE,07/06/2024,-
2911501,PORTO DE BELEM - PORTO FLUVIAL ALFANDEGADO - USO PUBLICO - CIA. DOCAS DO PARA ,01/01/2018,-
2911611,NAVEGAÇÕES UNIDAS TAPAJÓS S.A,12/02/2022,-
2911612,INSTALAÇÃO PORTUÁRIA ATEM BELÉM,03/05/2024,-
2912201,SILOS OCRIM S/A,01/01/2018,-
2912203,INSTALAÇÃO PORTUÁRIA ULTRACARGO SOLUÇÕES LOGÍSTICAS,25/09/2023,-
2913501,BASE ALFANDEGADA DO MMAR.-BASE NAVAL DE VAL-DE-CÀES,01/01/2018,-
2913901,INST.PORT.FLUV.ALF.USO PRIV.CIA REFINADORA DA AMAZONIA,01/01/2018,-
2931504,INST.PORT.FLUV.ALF-USO PUBLICO-EMP.REVIT.PTO.MANAUS S/A-MANA,13/06/2017,-
2931601,SUPER TERMINAIS COM.IND.LTDA - INST.PORT.FLUV.ALF - USO PRIV,13/06/2017,-
2931602,INST.PORT.FLUV.ALF.USO PRIVAT. CIMENTO VENCEMOS DO AMAZONAS,13/06/2017,-
2931603,INST.PORT.FLUV.ALF.USO PRIV.-HERMASA NAV.AMAZ.ITACOATIARIA,15/03/2023,-
2931604,TERMINAL AQUAVIÁRIO DE MANAUS,19/10/2023,-
2931605,INST.POR.FLUV.ALF-USO PRIVATIVO-CHIBATAO NAV. COM-MANAUS/AM,13/06/2017,-
2931606,INST.PORT.FLU.ALF-USO PRIVATIVO-MISTO OCRIM S.A.,13/06/2017,-
2931607,TERMINAIS FLUVIAIS DO BRASIL S/A,12/02/2022,-
2931608,ATEM'S DISTRIBUIDORA DE PETRÓLEO S.A.,12/02/2022,-
2931609,TERMINAL PORTUÁRIO NOVO REMANSO,07/06/2023,-
2931610,PIER FLUTUANTE SUPER TERMINAIS,25/08/2024,-
2931611,PIER FLUTUANTE CHIBATÃO,07/08/2024,-
2931612,INSTALAÇÃO PORTUÁRIA AMAZON AÇO,07/10/2025,-
2932201,TANQUES DA REFINARIA DE MANAUS S.A.,12/08/2024,-
2933201,EADI - AURORA DA AMAZONIA TERMINAIS E SERVIÇOS LTDA - DISTRITO INDUSTRIAL - ,13/06/2017,-
2941101,AEROPORTO INTERNACIONAL DE MANAUS-AM / EDUARDO GOMES,16/01/2023,-
2946103,DUFRY LOJA FRANCA DE EMBARQUE,25/07/2025,-
2946104,DUFRY LOJA FRANCA DE DESEMBARQUE,24/07/2025,-
2947201,COMPANHIA PANAMENA DE AVIACION S/A,04/09/2012,-
2947203,DAF - TAM LINHAS AÉREAS S/A-AER.EDUARDO GOMES - MANAUS-AM.,01/11/2013,-
2947205,DAF - AZUL LINHAS AEREAS S/A,23/11/2022,-
2947701,DUFRY DEPÓSITO DE LOJA FRANCA - DELOF,24/07/2025,-
2949901,RFB - BAGAGEM ACOMPANHADA - JÓIAS - AEG,03/10/2019,-
2951901,PONTO DE FRONTEIRA ALFANDEGADA,12/02/2022,-
2951902,PONTO DE FRONTEIRA ALFANDEGADO - TABATINGA,12/02/2022,-
2961901,GUAJARA-MIRIM (BRASIL-BOLIVIA) PONTO DE FRONTEIRA ALFANDEGADOGUAJARA-,14/03/2023,-
2961902,PONTO DE FRONTEIRA ALFANDEGADO - GUAJARÁ-MIRIM,12/02/2022,-
2971101,AEROPORTO INTERNACIONAL DE BELÉM/VAL DE CANS,06/09/2023,-
2971102,TECA - AEROPORTO DE BELÉM - PORTO SECO CENTRO OESTE S/A,01/07/2020,-
2973501,BASE ALFANDEGADA DO MAER-BASE AEREA DE BELEM,08/04/2019,-
2977202,TAM LINHAS AÉREAS S/A.,01/01/2018,-
2977203,TRANSPORTES AéREOS PORTUGUESES S/A.,01/01/2018,-
2981901,"PONTO DE FRONTEIRA/ASSIS BRASIL-AC, BRASIL",12/06/2025,-
2981902,PONTO DE FRONTEIRA ALFANDEGADO - ASSIS BRASIL,12/06/2025,-
3111401,INST.PORT.MAR.ALF.USO PRIVATIVO-CEARAPORTOS,14/03/2023,-
3118101,EMP.ADMINIST.ZONA PROCESS.EXPORT.DE PECEM S/A-EMAZP,23/03/2018,-
3301201,TECA - AEROPORTO DE TERESINA - INFRAERO - TECA ALFANDEGADO EMAEROPORTO ,21/07/2022,-
3301202,TECA - AEROPORTO TERESINA - CCR,01/08/2023,-
3301301,PORTO PIAUÍ,01/07/2026,-
3911301,PORTO DE FORTALEZA - CIA. DOCAS DO CEARA - PORTO MARIT. ALF. PRACA AMIGOS DA ,14/03/2023,-
3912501,TANQUE NAO ALFANDEGADO-AGIP DO BRASIL-MUCURIPE-FORTALEZA/CE,01/01/2018,-
3912502,TANQUE NAO ALFANDEGADO-NACIONAL GAS BUT.-MUCURIPE-FORTALEZA/,01/01/2018,-
3912503,TANQUE NAO ALFANDEGADO-PETROBRAS DISTRIB.-MUCURIPE-FORTALEZA,01/01/2018,-
3912504,TANQUE NAO ALFANDEGADO-PETROBRAS S/A-MUCURIPE-FORTALEZA/CE,01/01/2018,-
3912505,TANQUE NAO ALFANDEGADO-SHELL BRASIL S/A-MUCURIPE-FORTALEZA/C,01/01/2018,-
3912506,TANQUE NAO ALFANDEGADO-ESSO BRAS.LTDA-MUCURIPE-FORTALEZA/CE,01/01/2018,-
3915301,ENERGIA ELETRICA - IN SRF 649 DE 2006,01/01/2018,-
3918101,ZPE PARNAÍBA,27/07/2022,-
3921101,AEROPORTO INTERNACIONAL DE FORTALEZA - PINTO MARTINS,05/01/2018,-
3926101,LOJA FRANCA-BRASIF DUTY FREE-S/EMB-AEROP.P.MARTINS/FORT/CE,01/01/2018,-
3926102,LOJA FRANCA-BRASIF DUTY FREE-S/DESEMB-AEROP.P.MARTINS/FORT/C,01/01/2018,-
3926103,DUFRY LOJA FRANCA DE EMBARQUE,27/02/2025,-
3926104,DUFRY LOJA FRANCA DE DESEMBARQUE,27/02/2025,-
3927201,DEPOSITO AFIANCADO-TAP-A.I.PINTO MARTINS-FORTALEZA/CE,01/01/2018,-
3927202,DEPÓSITO AFIANçADO - TAM LINHAS AÉREAS S/A,01/01/2018,-
3927203,KLM CIA REAL HOLANDESA DE AVIAÇÃO,25/04/2018,-
3927204,SOCIETÉ AIR FRANCE,25/04/2018,-
3927701,DELOF-BRASIF DUTY FREE-AEROP.P.MARTINS - FORTALEZA/CE,01/01/2018,-
3927702,DUFRY DEPOSITO DE LOJA FRANCA - DELOF,17/10/2025,-
3930001,PATIO DO PORTO DE SAO LUIZ,25/07/2020,-
3931101,CCR (CONCESSIONÁRIA DO BLOCO CENTRAL S/A),23/09/2022,-
3931301,PORTO MAR.ALF.DE ITAQUI-USO PUBLICO-EMAP-SAO LUIS/MA,12/02/2022,-
3931401,INST.PORT.MAR.ALF.USO PRIVATIVO-CONSORCIO ALUMAR,25/07/2020,-
3931402,INST.PORT.MAR.ALF.USO PRIV.PONTA DA MADEIRA-CVRD,12/02/2022,-
3931403,INST.PORTUáRIA PRIVATIVO MISTO-PONTA DA MADEIRA CRVD,29/11/2022,-
3931404,VALE S/A,25/07/2020,-
3932201,TANQUE ALFANDEGADO - GRANEL QUIMICA LTDA,25/07/2020,-
3932202,TANQUE ALFANDEGADO-TRANSPETRO S/A-PT. ITAQUI-AAO LUIZ/MA,15/03/2023,-
3932203,INST.PORT.ALF.USO PRIV.MISTO-UNID.ARMAZ.CONAB,25/07/2020,-
3932204,ULTRACARGO LOGÍSITICA S.A.,08/02/2022,-
3932205,PETRÓLEO SABBÁ S.A.,14/03/2023,-
3932206,TERMINAL SANTOS BRASIL IQI 11 (TGL 01),15/04/2024,-
3932207,TERMINAL SANTOS BRASIL IQI 3 (TGL 03),15/04/2024,-
3932701,TERMINAL CORREDOR NORTE S.A.,12/02/2022,-
3932702,VITERRA LOGÍSTICA E TERMINAIS PORTUÁRIOS S.A. - TEGRAM II,31/01/2023,-
3932703,CLI- CORREDOR LOGÍSTICA E INFRAESTRUTURA,12/02/2022,-
3932704,AMAGGI LOUIS DREYFUS ZEN-NOH TERMINAIS PORTUÁRIOS S.A. - TEG,31/01/2023,-
3932705,VALE S/A,01/12/2022,-
3932706,VLI MULTIMODAL S/A.,12/02/2022,-
3933801,COMPANHIA OPERADORA PORTUÁRIA DO ITAQUI-SUBSIDIÁRIA-COPISI,17/02/2022,-
3933802,ITACEL - TERMINAL DE CELULOSE DE ITAQUE S.A.,26/08/2022,-
3933803,GMS SERVIÇOS MARÍTIMOS,22/07/2025,-
4106103,LOJA FRANCA-DUFRY DO BRASIL DUTY FREE SHOP LTDA,12/09/2016,-
4106104,LOJA FRANCA-DUFRY DO BRASIL DUTY FREE SHOP LTDA,12/09/2016,-
4107703,DEP LOJA FRANCA-DUFRY DO BRASIL DUTY FREE SHOP LTDA,19/08/2025,-
4151101,AEROPORTO INT.ALF. PETROLINA-PE/ INFRAERO,25/07/2020,-
4301301,PORTO DE NATAL- MARITIMO USO PUBLICO - CIA CODERN,22/11/2024,-
4303501,BASE ALFANDEGADA DO MMAR.-BASE NAVAL DE NATAL,12/09/2016,-
4309901,RFB - BAGAGEM ACOMPANHADA - NAT,07/06/2019,-
4311101,AEROPORTO INTL. RIO GRANDE NORTE/S.G.AMARANTE/RN,26/02/2024,-
4311302,PORTO-ILHA DE AREIA BRANCA,16/10/2023,-
4311401,TERMINAL AQUAVIARIO DE GUAMARE,03/11/2023,-
4316101,LOJA FRANCA EMBARQUE - AEROPORTO INTERNACIONAL DE NATAL,22/07/2025,-
4316102,LOJA FRANCA DESEMBARQUE - AEROPORTO INTERNACIONAL DE NATAL,22/07/2025,-
4317701,DEP LOJA FRANCA - AEROPORTO INTERNACIONAL DE NATAL,22/07/2025,-
4501101,AEROPORTO INT.ALF.-ZUMBI DOS PALMARES(MACEIO)RIO LARGO/AL,19/03/2020,-
4501301,PORTO MARITIMO ALFANDEGADO-CODERN-MACEIO/AL,10/01/2017,-
4501401,INST.PORT.MAR.ALF.-USO PRIVATIVO BRASKEM S/A-MACEIO/AL,10/01/2017,-
4911301,PORTO MAR. ALFAND. PUBLICO-PORTO DO RECIFE S/A-RECIFE/PE,01/01/2018,-
4911304,SCS ARMAZENS GERAIS LTDA,02/12/2025,-
4921101,AEROPORTO INT. DO RECIFE/GUARARAPES - GILBERTO FREYRE,20/09/2024,-
4921102,PAC LOGISTICA E HANGARAGEM LTDA,12/02/2022,-
4923401,BASE ALFANDEGADA DO MAER.-BASE AEREA DE RECIFE/BARF,15/03/2023,-
4926101,BRASIF DUTY FREE SHOP LTDA.- LOJA 1-EMBARQ. AER.GUARAR./PE,01/01/2018,-
4926102,BRASIF DUTY FREE SHOP LTDA.-LOJA 2-DESEM.AER. GUARARAPES/PE,01/01/2018,-
4926103,DUFRY LOJAS FRANCAS LTDA - LOJA 1 EMBARQUE AER. INT. GUAR.,02/12/2025,-
4926104,DUFRY LOJAS FRANCAS LTDA - LOJA 2 DESEMBARQUE AER. INT. GUAR,02/12/2025,-
4927202,DAF-TAP S/A-AREA IND.AEROP.INTER.RECIFE/GUARARAPES-RECIFE/PE,01/01/2018,-
4927207,DAF AZUL LINHAS AÉREAS BRASILEIRAS,01/01/2018,-
4927208,TAM LINHAS AÉREAS S/A,01/01/2018,-
4927210,LUFTHANSA CARGO A G,02/12/2020,-
4927701,DELOF-BRASIF DUTY FREE SHOP LTDA-AR.IND.AER.INT.GUAR.RECF/PE,17/12/2021,-
4927702,DUFRY LOJAS FRANCAS LTDA - DEPOSITO AER. INT. GUAR.,12/12/2025,-
4929901,RFB - BAGAGEM ACOMPANHADA - JÓIAS - GRE,07/11/2018,-
4931301,PORTO DE SUAPE-IPOJUCA-PORTO MARÍTIMO ALFANDEGADO,01/01/2018,-
4931303,INST.PORT.MAR.ALF.USO PUBLICO-TECON SUAPE S/A-IPOJUCA/PE,14/03/2023,-
4931304,INST.PORT.USO PUBL.-SUATA SERV.LOG. LTDA.,01/01/2018,-
4931305,INST.PORT.USO PUBL.-ATLâNTICO TERMINAIS S. A.,12/02/2022,-
4932201,TANQUE ALFANDEGADO-TEQUIMAR S.A-IPOJUCA/PE-PORTO DE SUAPE,14/03/2023,-
4932202,TEMAPE TERMINAIS MARíTIMOS DE PERNAMBUCO S.A.,01/01/2018,-
4932204,TANQUE ALFANDEGADO - PANDENOR LTDA - PT.SUAPE - IPOJUCA/PE,14/03/2023,-
4932205,TANQUE ALFANDEGADO - DECAL BRASIL LTDA,04/02/2026,-
4933001,CLIA MOVECTA SUAPE,04/02/2026,-
4933201,SUPPLOG PORTO SECO DE IPOJUCA LTDA,02/06/2022,-
4941301,PORTO DE CABEDELO - PORTO MARIT.ALF. - USO PUBLICO - CIA. DOCAS DO ESTADO DA ,10/01/2017,-
4951301,TERMINAL PORTUáRIO PúBLICO GRANéIS SóLIDOS RHODES S/A,15/03/2023,-
5101401,CONSÓRCIO TMIB,10/01/2017,-
5101403,TECARMO - TRANSPETRO - TERMINAL AQUAVIARIO DE ARACAJU,22/01/2024,-
5101404,ENEVA - TERMINAL GNL - SERGIPE,29/07/2024,-
5201301,PORTO DE ILHEUS - CODEBA - PORTO MARIT. ALF. - USO PUBLICO - CIA. DOCAS DO EST. ,25/07/2020,-
5511301,PORTO MARíTIMO ALFA. DE USO PúBLICO - PORTO DE ARATU -CODEBA,06/12/2024,-
5511401,ULTRACARGO - TANQUES ALFANDEGADOS - ARATU-CANDEIAS,04/12/2025,-
5511402,INST.PORT.MAR.ALF-USO PRIVAT.-DOW BRASIL S/A,01/04/2024,-
5511403,INST.PORT.MAR.ALF.USO PRIVATIVO-TRANSPETRO-MDRE DE DEUS/BA,15/03/2023,-
5511405,PROQUIGEL QUÍMICA S/A,01/04/2024,-
5511406,INST PORT. MARÍTIMA DE USO PRIVATIVO -BRASKEM S/A,15/03/2023,-
5512201,VOPAK BRASIL S.A.,14/03/2023,-
5521102,AEROPORTO INT. DE PORTO SEGURO - SOCICAM,29/01/2026,-
5555555,PONTO VIRTUAL DE FRONTEIRA - PACARAIMA,23/10/2017,-
5555555,PONTO VIRTUAL DE FRONTEIRA - ASSIS BRASIL,23/10/2017,-
5555555,PONTO VIRTUAL DE FRONTEIRA - GUAJARA-MIRIM,23/10/2017,-
5555555,PONTO VIRTUAL DE FRONTEIRA - CACERES,23/10/2017,-
5555555,PONTO VIRTUAL DE FRONTEIRA - BAGE (ACEGUA),23/10/2017,-
5555555,PONTO VIRTUAL DE FRONTEIRA - JAGUARAO,23/10/2017,-
5555555,PONTO VIRTUAL DE FRONTEIRA - MUNDO NOVO,01/01/2018,-
5555555,PONTO VIRTUAL DE FRONTEIRA - CORUMBA,01/01/2018,-
5555555,PONTO VIRTUAL DE FRONTEIRA - PONTA PORA,01/01/2018,-
5555555,PONTO VIRTUAL DE FRONTEIRA - BRASILEIA,01/01/2018,-
5555555,PONTO VIRTUAL DE FRONTEIRA - FOZ DO IGUACU,01/01/2018,-
5555555,PONTO VIRTUAL DE FRONTEIRA - GUAIRA,01/01/2018,-
5555555,PONTO VIRTUAL DE FRONTEIRA - SANTA HELENA,01/01/2018,-
5555555,PONTO VIRTUAL DE FRONTEIRA - DIONISIO CERQUEIRA,01/01/2018,-
5555555,PONTO VIRTUAL DE FRONTEIRA - URUGUAIANA,01/01/2018,-
5555555,PONTO VIRTUAL DE FRONTEIRA - ITAQUI,01/01/2018,-
5555555,PONTO VIRTUAL DE FRONTEIRA - SAO BORJA,01/01/2018,-
5555555,PONTO VIRTUAL DE FRONTEIRA - QUARAI,01/01/2018,-
5555555,PONTO VIRTUAL DE FRONTEIRA - CHUI,01/01/2018,-
5555555,PONTO VIRTUAL DE FRONTEIRA - SANTANA DO LIVRAMENTO,25/07/2020,-
5555555,PONTO VIRTUAL DE FRONTEIRA - PORTO MAUA,25/07/2020,-
5555555,PONTO VIRTUAL DE FRONTEIRA - PORTO XAVIER,25/07/2020,-
5921301,PORTO DE SALVADOR - CODEBA - PORTO MARIT.ALF.-USO PúBLICO,01/01/2018,-
5921302,INST.PORT.MAR.ALF.USO PUBL.TECOM SALVADOR - PORTO SALVADOR/B,01/01/2018,-
5921304,INST.PORT.USO PúBLICO - INTERMARíTIMA TERMINAIS LTDA.,01/01/2018,-
5921305,CONTERMAS - PORTO DE SALVADOR - TERM. PASSAG.,26/09/2023,-
5921306,ATU12 - ARATU-CANDEIAS - INSTALACAO PORTUARIA,01/11/2023,-
5921307,TMU - PROQUIGEL - TERMINAL MARÍTIMO DE UREIA,21/11/2023,-
5921308,MAGNESITA - ARATU - CANDEIAS,27/12/2023,-
5921309,TPS - TERMINAL PORTUARIO DE SALVADOR - INTERMARITIMA,20/05/2024,-
5921310,ATU18 - ARATU-CANDEIAS - INSTALAÇÃO PORTUÁRIA,18/09/2025,-
5921311,TMA - PETROBRAS - ARATU-CANDEIAS,23/10/2025,-
5921312,TMU - PETROBRAS - ARATU-CANDEIAS,22/12/2025,-
5921402,INST.PORT.MAR.ALF.USO PRIV.GERDAU AÇOS LONGOS S/A-PONTA DO SAPUCAIA - DIST. S. ,28/02/2024,-
5921403,INST.PORT.MAR.ALF.USO PRIV._TERMINAL PORTUARIO COTEGIPE LTDA,01/01/2018,-
5921404,ENSEADA INDÚSTRIA NAVAL S/A,01/04/2024,-
5921412,PARANAPANEMA S/A.,01/04/2024,-
5921413,EXCELERATE ENERGY - TERMINAL DE REGASEIFICAÇÃO,28/02/2024,-
5921414,TMG-ITAPUA - TERMINAL MARITIMO DE GRANEIS,18/01/2024,-
5921415,TRBA - PETROBRAS - TERMINAL DE REGASEIFICACAO,03/02/2026,-
5922201,MOINHO CANUELAS LTDA,01/01/2018,-
5922202,MOINHO DIAS BRANCO IND. E COM. DE ALIMENTOS LTDA,15/03/2023,-
5922203,SILOS ALFANDEGADOS - J MACEDO S/A - SALVADOR,01/01/2018,-
5922701,WILSON SONS TERMINAIS E LOGÍSTICA LTDA.,27/09/2021,-
5922702,2A LOG - REDEX,15/01/2025,-
5923201,"EADI-CIA EMPORIO AR.GER.ALF.AV.L.TARQUINIO,69-BV-SALVADOR/BA",14/03/2023,-
5923202,TPC LOGÍSTICA NORDESTE S.A.,01/04/2024,-
5923501,BASE NAVAL DE ARATU,01/01/2018,-
5931101,AEROPORTO INTERNACIONAL DE SALVADOR - LUÍS EDUARDO MAGALHÃES,27/12/2018,-
5933401,BASE ALFANDEGADA DO MAER.-BASE AEREA DE_SSA,01/01/2018,-
5936107,DUFRY LOJAS FRANCAS LTDA - EMBARQUE,25/08/2022,-
5936108,DUFRY LOJAS FRANCAS LTDA - DESEMBARQUE,26/08/2022,-
5937202,DEP.AFIANCADO-TAP S/A-AEROPORTO INT.SALVADOR-LEM-SALVADOR/BA,01/01/2018,-
5937205,DEP. AFIANÇADO - AIR EUROPA LINHAS AÉREAS S.A,01/01/2018,-
5937206,DAF - TAM LINHAS AÉREAS S/A.,15/02/2019,-
5937703,DUFRY LOJAS FRANCAS LTDA - DELOF,26/08/2022,-
5939901,RFB - BAGAGEM ACOMPANHADA - SSA,18/02/2022,-
6152701,REDEX - CONTAGEM - TORA LOGÍSTICA,11/07/2025,-
6351202,INST. AEROPORTUÁRIA - TECA - AEROPORTO GOIANA-MG,20/09/2022,-
6353201,PORTO SECO - JUIZ DE FORA - MULTITERMINAIS ALFANDEGADOS DO BRASIL,11/07/2025,-
6405201,"DRF-MONTES CLAROS(NAC.RECOF,ADTEMP.,DEP. ESPECIAL)",26/01/2009,-
6412701,REDEX - GUAXUPÉ - COOPERATIVA REGIONAL DE CAFEICULTORES EM GUAXUPÉ,11/07/2025,-
6412702,REDEX - POÇOS DE CALDAS - GROOVY LOGÍSTICA E ARMAZÉNS GERAIS,11/07/2025,-
6553001,CLIA - POUSO ALEGRE - ARMAZÉNS GERAIS SUL DAS GERAIS,11/07/2025,-
6553201,CLIA - VARGINHA - PORTO SECO SUL DE MINAS,11/07/2025,-
6911101,AEROPORTO INTERNACIONAL TANCREDO NEVES,12/02/2022,-
6912701,REDEX - MACHADO - DÍNAMO INTER-AGRÍCOLA,11/07/2025,-
6913001,CLIA - UBERLÂNDIA - SUPPLOG PORTO SECO DO CERRADO,11/07/2025,-
6913201,PORTO SECO - UBERABA - EMPRESA PORTO SECO DO TRIÂNGULO,11/07/2025,-
6914101,TERMINAL AEROPORTO INDUSTRIAL - BH (TEAI-BH),10/11/2020,-
6916103,DUFRY LOJAS FRANCAS - AEROP. INT. DE CONFINS - EMBARQUE,04/12/2025,-
6916104,DUFRY LOJAS FRANCAS - AEROP. INT. DE CONFINS - DESEMBARQUE,04/12/2025,-
6917102,DEA-LIDER TAXI AEREO S/A-BELO HORIZONTE,01/01/2018,-
6917104,DEA-NICAMAQUI COM. DE MAQUINAS LTDA.-BELO HORIZONTE,01/01/2018,-
6917105,DEA-BUCYRUS BRASIL LTDA-DIST.IND-VESPASIANO/MG,01/01/2018,-
6917106,DEA-CIA.VALE DO RIO DOCE S/A-ITABIRA/MG,01/01/2018,-
6917107,DEA-HARNISCHFEGER DO BRASIL COM.IND.LTDA-BELO HORIZONTE/MG,01/01/2018,-
6917202,DEP. AFIANCADO - AMERICAN AIRLINES INC. - LAGOA SANTA/MG - AEROPORTO ,01/01/2018,-
6917702,DUFRY LOJAS FRANCAS - AEROP. INT. DE CONFINS - DEPÓSITO,17/12/2025,-
6918101,ZPE - UBERABA - COMPANHIA ADMINISTRADORA DA ZPE,11/07/2025,-
6918201,AEROPORTO CONFINS-TPS-BAGAGEM ACOMPANHADA - JOIAS - EM MÃOS,12/12/2019,-
6918202,RECINTO RFB - TEÓFILO OTONI - DESPACHO PEDRAS PRECIOSAS,29/08/2025,-
6918203,RECINTO RFB - GOVERNADOR VALADARES - DESPACHO PEDRAS PRECIOSAS,28/01/2026,-
6923201,CLIA - BETIM - TORA RECINTOS ALFANDEGADOS,11/07/2025,-
6927201,DAF - EMPRESA AZUL LINHA AéREAS BRASILEIRAS S/A,01/01/2018,-
7201101,AEROPORTO INT. DE CABO FRIO-COSTA DO SOL S/A-CABO FRIO/RJ,14/03/2023,-
7201102,TERMINAL DE PASSAGEIROS DO AEROPORTO INTERN. DE CABO FRIO,10/04/2026,-
7201301,NITSHORE ENGENHARIA E SERVICOS PORTUARIOS S.A,27/09/2022,-
7201404,INST.PORT.MARIT.ALF.PRIV.MISTO UTC ENGENHARIA SA-UTRATEC,12/01/2017,-
7203501,BASE ALFANDEGADA DO MMAR.-BASE NAVAL DO RIO DE JANEIRO,14/03/2023,-
7203502,BASE ALFANDEGADA DO MMAR.-BASE ALMIRANTE CASTRO E SILVA,26/01/2009,-
7203503,BASE ALFANDEGADA DO MMAR.-BASE A°REA NAVAL DE S.PEDRO DA ALD,26/01/2009,-
7203504,BASE DE HIDROGRAFIA DA MARINHA EM NITEROI (BHMN),27/03/2009,-
7207101,DEA - MIN. DA MARINHA - BASE AEREA NAVAL S.PEDRO DA ALDEIA/RJ,12/01/2017,-
7209801,DRF/NITERóI - NACIOLIZAçãO ADM.TEMP.(NOT.82/06),21/12/2021,-
7252702,ARMAZENS GERAIS DEZ DE ABRIL LTDA.,19/09/2024,-
7253201,EADI-TRANSP.MAR.MULT.SAO GERALDO LTDA-NOVA IGUAÇU/RJ,12/02/2022,-
7255201,DRF-NOVA IGUACU_(NACIONALIZACAO RECOF),26/01/2009,-
7257101,DEA - CIA. ELETROMECANICA CELMA - PETROPOLIS/RJ - RUA ALICE HERVE NR 356,12/01/2017,-
7259801,DRF/NOVA IGUAçU - NACIONALIZAçÃO ADM.TEMP.(NOTICIA 82/06),10/10/2019,-
7301401,FERROPORT LOGíSTICA COMERCIAL EXPORTADORA S.A.,12/02/2022,-
7301402,TMULT - PORTO DO Açú OPERAçõES S.A.,12/02/2022,-
7301404,AÇU PETRÓLEO S.A,12/02/2022,-
7353201,EADI- TERMINAL LOG.DO VALE DO PARAIBA-DIST.IND.RESENDE/RJ,14/03/2023,-
7911101,AEROPORTO INTERNACIONAL DO RIO DE JANEIRO/GALEãO,12/02/2022,-
7911103,LÍDER TÁXI AÉREO S/A - AIR BRASIL,29/10/2020,-
7913401,BASE ALFANDEGADA DO MAER.-BASE A°REA DO GALEÀO/BAGL,15/03/2023,-
7916115,DUFRY DO BRASIL DUTY FREE SHOP LTDA,09/10/2017,-
7916116,DUFRY DO BRASIL DUTY FREE SHOP LTDA,09/10/2017,-
7916117,DUFRY DO BRASIL DUTY FREE SHOP LTDA,09/10/2017,-
7916118,DUFRY DO BRASIL DUTY FREE SHOP LTDA,09/10/2017,-
7916120,DUFRY DO BRASIL DUTY FREE SHOP LTDA,09/10/2017,-
7916121,DUFRY DO BRASIL DUTY FREE SHOP LTDA,09/10/2017,-
7916122,DUFRY DO BRASIL DUTY FREE SHOP LTDA,09/10/2017,-
7916123,DUFRY DO BRASIL DUTY FREE SHOP LTDA,09/10/2017,-
7916124,DUFRY DO BRASIL DUTY FREE SHOP LTDA,01/03/2023,-
7917702,DUFRY DO BRASIL DUTY FREE SHOP LTDA,10/01/2017,-
7919902,RFB - BAGAGEM ACOMPANHADA - GIG,09/08/2024,-
7920001,PáTIO DO PORTO DO RIO DE JANEIRO,09/08/2024,-
7921302,ICTSI RIO BRASIL TERMINAL 1 SA,24/08/2022,-
7921303,INST.PORT.MAR.ALF.USO PUBL.CONS.MULT RIO-T.II-PORTO RJ,12/01/2017,-
7921305,INST.PORT.MAR.ALF-USO PUBLICO-TRIUNFO LTDA-PT.ORG. RIO JAN/R,12/01/2017,-
7921307,INST.PORT.MAR.ALF.USO PUBLICO-MULT CAR S/A-PT. R. JANEITO/RJ,12/01/2017,-
7921308,INST.PORT.MAR.ALF.USO PúBLICO-PíER MAUA S/A.,12/01/2017,-
7921309,TEQUIMAR,15/03/2023,-
7921310,BRASKEM S.A.,12/02/2022,-
7921401,INST.PORT.MAR.ALF.ESSO BRAS. DE PETROLEO-I.GOVERN.-RJ/RJ,29/12/2018,-
7921405,INST.PORT.MAR.ALF.USO PRIVATIVO-INTERCAN S/A-PT.R.DE JANEIRO,26/01/2009,-
7921406,INST.PORT.MAR.USO PRIVATIVO-TRANSPETRO-ILHA REDONDA RJ,12/01/2017,-
7921407,INST.PORT.MAR.USO PRIVATIVO-TRANSPETRO-ILHA DAGUA-RJ,12/01/2017,-
7921408,SHELL BRASIL PETROLEO LTDA,01/08/2024,-
7921409,PETRóLEO BRASILEIRO S/A - PETROBRAS,12/01/2017,-
7921410,PETRóLEO BRASILEIRO S.A. - PETROBRÁS,12/02/2022,-
7921411,TERMINAL PORTUARIO DA PONTE DO THUN(NEOLUBES),28/06/2024,-
7921412,TERMINAL PORTUÁRIO DA PONTE DO THUN (BLUEWAY),02/02/2026,-
7922202,"TANQUE ALFANDEGADO-PETROFLEX S/A, DUQUE DE CAXIAS/RJ",12/01/2017,-
7922207,TANQUE ALFANDEGADO-PETROBRAS S/A-REDUC-RIO DE JANEIRO/RJ,12/01/2017,-
7922210,TANQUES ALF.-TRANSPETRO-TERM.CAMPOS ELISEOS-RJ,12/01/2017,-
7922211,SILOS - MOINHOS CRUZEIRO DO SUL S.A.,12/01/2017,-
7922212,TERMINAL DE TRIGO DO RIO DE JANEIRO - LOGISTICA S/A,30/05/2022,-
7922701,REDEX - TRANSPORTES CARVALHO LTDA,12/01/2017,-
7922705,REDEX - FUTURA TRANSPORTES LTDA.,12/01/2017,-
7922707,REDEX - SADA TRANSPORTES E ARMAZENAGENS SA,12/01/2017,-
7922709,REDEX - LIBRA TERMINAL RIO S.A.,12/01/2017,-
7922710,REDEX - INTERPORTOS TERMINAIS E LOGíSTICA LTDA,12/01/2017,-
7922711,REDEX - ZIRANLOG TRANSPORTES LTDA,12/01/2017,-
7922712,REDEX - TRANZIRAN TRANSPORTES LTDA,12/01/2017,-
7922713,TECON TERMINAIS DE CONTAINER LTDA,12/02/2022,-
7922714,REDEX - PENNANT SERVIÇOS MARÍTIMOS LTDA,12/01/2017,-
7922715,TECAJU-TERMINAL DE CARGA E LOGÍSTICA LTDA,12/02/2022,-
7922716,ZNA ARMAZÉNS GERAIS E TRANSPORTES LTDA.,12/02/2022,-
7922717,GTMINAS TRANSPORTES E TERMINAL DE CARGAS LTDA,12/02/2022,-
7922718,TORA LOGÍSTICA ARMAZÉNS E TERMINAIS MULTIMODAIS S/A,12/02/2022,-
7922719,REDEX TRASNPORTES SOUZA ARAÚJO,08/05/2023,-
7922720,K LOG RIO LOGÍSTICA E TRANSPORTES LTDA,15/04/2025,-
7922721,RIO LOGÍSTICA REDEX ITRACKER 2,02/06/2026,-
7922722,RIO LOGÍSTICA REDEX ITRACKER 1,02/06/2026,-
7923502,CENTRO DE MUNIçãO DA MARINHA,27/06/2016,-
7923601,BASE DE APOIO LOGíSTICO DO EXéRCITO,10/12/2015,-
7933201,"CLIA-MULTITERMINAIS R.FRANCISCO DE SOUZA E MELO,196, CORDOVIL",12/01/2017,-
7933501,BASE ALFANDEGADA DO MMAR.-BASE DE ABAST. DA MARINHA NO R.J,12/01/2017,-
7933601,BASE AFANDEGADA DO MEX.-1º DEPT.SUPRIM.-CIEM,12/01/2017,-
7937102,"DEA - MINISTERIO DA AERONAUTICA - RIO DE JANEIRO/RJ - AV. MALFONTENELE, 1000 - ",21/02/2011,-
7941401,INST.PORTUáRIA DE USO PRIV.-PETROBRÁS - PETROLEO BRASILEIRO,27/10/2023,-
7950001,PATIO DO PORTO DE VITORIA/ES,26/01/2009,-
7951101,AEROPORTO INTERNACIONAL DE VITORIA/ES,17/01/2023,-
7951102,DAWLOG LOGÍSTICA E HANGARAGEM LTDA,12/11/2020,-
7951301,PORTO DE VITORIA - CODESA - VITORIA/ES - CIA. DOCAS DO ESTADO DO ESPIRITO SANTO ,10/01/2017,-
7951302,INST PORT DE USO PUBLI. CODESA - CIA DOCAS E. SANTO,12/02/2022,-
7951304,HIPER EXPORT LTDA.,12/02/2022,-
7951305,INST.PORT.MAR.ALF.USO PUBL.TERMINAL VILA VELHA S/A-V.VELHA/ES,12/02/2022,-
7951306,INST.PORT.MAR.ALF.USO PUBLICO PEIU-SPE S/A CAIS DO PAUL,10/01/2017,-
7951307,PORTO DE VITORIA - CODESA - ( CAIS DE CAPUABA),10/01/2017,-
7951309,TERMINAL DE VILA VELHA 2 - TVV2,14/05/2026,-
7951401,TERMINAL DE TUBARAO - CIA. VALE DO RIO DOCE - VITORIA/ES - PONTA DE TUBARAO - ,12/02/2022,-
7951402,VITORIA - ARCELORMITTAL BRASIL S.A - TERM.MAR.ALF.PRIV,24/07/2017,-
7951403,TERMINAL DE CARVAO - VALE - PRAIA MOLE - SERRA E VITORIA/ES - CIA. VALE DO RIO ,12/02/2022,-
7951405,TERMINAL PONTA DO UBU - SAMARCO MINERACAO SA - VILA VELHA/ES INST. PORT. ,12/02/2022,-
7951406,TERMINAL DA PORTOCEL - BARRA DO RIACHO S/A - ARACRUZ/ES - INSTAL. PORT. MARIT. ,12/02/2022,-
7951410,INST.PORT.MAR.ALF-USO PRIV.- ESTALEIRO JURONG ARACRUZ LTDA.,12/02/2022,-
7951411,INST.PORT. COMPANHIA PORTUÁRIA DE VILA VELHA - CPVV,03/03/2023,-
7952202,TANQUE ALFANDEGANDO - OILTANKING TERMINAIS LTDA,12/02/2022,-
7952203,TANQUE ALFANDEGADO - TPES-TERMINAL PORTUÁRIO DO ESP.SANTO,30/08/2019,-
7952702,REDEX - INTERPORT LOGíSTICA LTDA.,12/02/2022,-
7952703,MULTILIFT LOGÍSTICA LTDA.,12/02/2022,-
7952704,MRD ARMAZEM E LOGISTICA LTDA,19/06/2026,-
7953202,ZILLI ARMAZENS GERAIS S.A.,10/07/2024,-
7953203,EADI - CIA DE TRANSP.E ARMAZ. GERAIS - SILOTEC - CARIACICA/ESPORTO ENGENHO ,12/02/2022,-
7953204,PORTO SECO DE VITORIA I -PSVIT I-COIMEX LOGÍSTICA INT.S/A,12/02/2022,-
7955201,ALF-PORTO VITORIA (NACIONALIZAÇÃO ENTREP. IN SRF 513/05),05/03/2020,-
7955202,ALF-PORTO VITÓRIA (NACIONALIZAÇÃO ENTREP. DEPOSITO ESPECIAL),05/03/2020,-
7959801,ALF/PORTO DE VITÓRIA-NACIONALIZ. ADM.TEMP.(NOTICIA 82/06),19/08/2025,-
7961302,TPAR - TERMINAL PORTUÁRIO DE ANGRA DOS REIS,12/02/2022,-
7961303,INST.PORT.MAR.ALF.USO PUBLICO-CIA.SID.NACL-CSN-PT.ITAGUAÍ-RJ,12/02/2022,-
7961304,INST.PORT.MAR.ALF.USO PUBLICO-SEPETIBA TECON S/A-ITAGUAÍ-RJ,12/02/2022,-
7961404,INST.PORT.MAR.ALF-USO PRIVATIVO-CIA.P.BAIA DE SEPETIBA-RJ,12/02/2022,-
7961406,INST.PORT.MAR.ALF-USO PRIVATIVO-BRASFELS-ANGRA DOS REIS/RJ,12/02/2022,-
7961408,INST.PORT.MAR.ALF.USO PRIVATIVO-TRANSPETRO,12/02/2022,-
7961409,DISTRITO INDUSTRIAL DE SANTA CRUZ (THYSSENKRUPP),12/02/2022,-
7961412,PORTO SUDESTE DO BRASIL S.A,12/02/2022,-
7961413,VALE S.A - TERMINAL DE ILHA GUAÍBA,12/02/2022,-
7961414,KARPOWERSHIP BRASIL ENERGIA LTDA,10/03/2026,-
7962203,TANQUE ALF.TRANSPETRO S/A-B. ILHA GRANDE-ANGR,12/02/2022,-
7962701,SEPETIBA CARGO LTDA,27/04/2018,-
7963001,ZL - LOG LOGÍSTICA LTDA,12/02/2022,-
8111101,AEROPORTO INTERNACIONAL DE SÃO CARLOS - MARIO PEREIRA LOPES,02/01/2024,-
8119801,NACIONALIZAçãO ADM. TEMP. (NOTICIA 82/06),25/07/2020,-
8305201,DRF-ARAÇATUBA (NACIONALIZAÇÃO RECOF),23/09/2011,-
8309801,DRF-ARAÇATUBA NACIONALIZAÇÃO ADM.TEMP (NOTICIA 82/06),23/09/2011,-
8355201,"DRF-BAURU (NAC.RECOF,AD TEMP,DEP ESP)",08/12/2009,-
8451301,CAIS PÚBLICO - COMPANHIA DOCAS DE SAO SEBASTIAO,04/03/2024,-
8451401,TUP - PETROBRAS TRANSPORTE S.A - TRANSPETRO,04/03/2024,-
8452201,INATIVO - MALTERIA SOUFFLET BRASIL LTDA.,04/03/2024,-
8453201,INATIVO - CNAGA - ARMAZÉNS GERAIS ALFANDEGADOS LTDA.,15/06/2025,-
8453202,CLIA - SS ARMAZÉNS GERAIS ALFANDEGADOS LTDA.,23/01/2025,-
8505201,"DRF-LIMEIRA (NAC.RECOF,AD TEMP,DEP ESP)",26/01/2009,-
8555201,DRF-MARILIA_(NACIONALIZACAO RECOF),25/07/2020,-
8701101,AEROPORTO INTERNACIONAL DE SÃO CARLOS - MÁRIO PEREIRA LOPES,15/09/2023,-
8753201,EADI-AUTOMOTIVE DIST.LOG.LTDA. S.JOSÉ DO RIO PRETO/SP,12/01/2017,-
8759801,DRF S.J. RIO PRETO-SP - NACIONALIZAÇÃO ADM. TEMPORÁRIA,21/02/2020,-
8807101,DEA - EMBRAER - SAO JOSE DOS CAMPOS/SP - EMPRESA BRASILEIRA DE AERONAUTICA - ,26/01/2009,-
8811101,JHSF ADMINISTRADORA DO CATARINA AEROPORTO EXECUTIVO S/A,25/04/2023,-
8835201,"DRF-JUNDIAI (NAC. RECOF,AD.TEMP.,DES. ESP.)",27/07/2018,-
8855201,"DRF-TAUBATE (NAC.RECOF,AD TEMP,DEP ESP)",25/07/2020,-
8857101,"DEA-MINIST.DA DEFESA-COMANDO DO EXERCITO-D.LOG-ESTRADA DOS REMEDIOS S/N, ",25/07/2020,-
8875101,E.I.-CATERPILLAR BRASIL S/A - PIRACICABA/SP,26/01/2009,-
8875201,DRF-PIRACIABA RECOF - URF/ARF - IN 417 - NACIONALIZAÇÃO,26/07/2018,-
8888888,EST. EXPORTADOR - TAGUATINGA,08/09/2017,-
8888888,EST. EXPORTADOR - SOBRADINHO,08/09/2017,-
8888888,EST. EXPORTADOR - BRASILIA,08/09/2017,-
8888888,EST. EXPORTADOR - GOIANIA,08/09/2017,-
8888888,EST. EXPORTADOR - CATALAO,08/09/2017,-
8888888,EST. EXPORTADOR - CERES,08/09/2017,-
8888888,EST. EXPORTADOR - FORMOSA,08/09/2017,-
8888888,EST. EXPORTADOR - GOIAS,08/09/2017,-
8888888,EST. EXPORTADOR - ITUMBIARA,08/09/2017,-
8888888,EST. EXPORTADOR - JATAI,08/09/2017,-
8888888,EST. EXPORTADOR - LUZIANIA,08/09/2017,-
8888888,EST. EXPORTADOR - PORANGATU,08/09/2017,-
8888888,EST. EXPORTADOR - RIO VERDE,08/09/2017,-
8888888,EST. EXPORTADOR - SAO LUIS DE MONTES BELOS,08/09/2017,-
8888888,EST. EXPORTADOR - URUACU,08/09/2017,-
8888888,EST. EXPORTADOR - CALDAS NOVAS,08/09/2017,-
8888888,EST. EXPORTADOR - ANAPOLIS,08/09/2017,-
8888888,EST. EXPORTADOR - CUIABA,08/09/2017,-
8888888,EST. EXPORTADOR - RONDONOPOLIS,08/09/2017,-
8888888,EST. EXPORTADOR - BARRA DO GARCA,08/09/2017,-
8888888,EST. EXPORTADOR - SINOP,08/09/2017,-
8888888,EST. EXPORTADOR - TANGARA DA SERRA,08/09/2017,-
8888888,EST. EXPORTADOR - CACERES,08/09/2017,-
8888888,EST. EXPORTADOR - CAMPO GRANDE,08/09/2017,-
8888888,EST. EXPORTADOR - DOURADOS,08/09/2017,-
8888888,EST. EXPORTADOR - NOVA ANDRADINA,08/09/2017,-
8888888,EST. EXPORTADOR - TRES LAGOAS,08/09/2017,-
8888888,EST. EXPORTADOR - RIO VERDE DE MATO GROSSO,08/09/2017,-
8888888,EST. EXPORTADOR - PALMAS,08/09/2017,-
8888888,EST. EXPORTADOR - ARAGUAINA,08/09/2017,-
8888888,EST. EXPORTADOR - GURUPI,08/09/2017,-
8888888,EST. EXPORTADOR - PARAISO DO TOCANTINS,08/09/2017,-
8888888,EST. EXPORTADOR - FORTALEZA,08/09/2017,-
8888888,EST. EXPORTADOR - BELEM,08/09/2017,-
8888888,EST. EXPORTADOR - CAPANEMA,08/09/2017,-
8888888,EST. EXPORTADOR - ABAETETUBA,08/09/2017,-
8888888,EST. EXPORTADOR - BRAGANCA,08/09/2017,-
8888888,EST. EXPORTADOR - CASTANHAL,08/09/2017,-
8888888,EST. EXPORTADOR - CONCEICAO DO ARAGUAIA,08/09/2017,-
8888888,EST. EXPORTADOR - PARAGOMINAS,08/09/2017,-
8888888,EST. EXPORTADOR - TUCURUI,08/09/2017,-
8888888,EST. EXPORTADOR - ANANINDEUA,08/09/2017,-
8888888,EST. EXPORTADOR - SANTAREM,08/09/2017,-
8888888,EST. EXPORTADOR - ITAITUBA,08/09/2017,-
8888888,EST. EXPORTADOR - ORIXIMINA,08/09/2017,-
8888888,EST. EXPORTADOR - ALTAMIRA,08/09/2017,-
8888888,EST. EXPORTADOR - ALMEIRIM,08/09/2017,-
8888888,EST. EXPORTADOR - MARABA,08/09/2017,-
8888888,EST. EXPORTADOR - REDENCAO,08/09/2017,-
8888888,EST. EXPORTADOR - BREVES,08/09/2017,-
8888888,EST. EXPORTADOR - MANAUS,08/09/2017,-
8888888,EST. EXPORTADOR - MANACAPURU,08/09/2017,-
8888888,EST. EXPORTADOR - MAUES,08/09/2017,-
8888888,EST. EXPORTADOR - PARINTINS,08/09/2017,-
8888888,EST. EXPORTADOR - TEFE,08/09/2017,-
8888888,EST. EXPORTADOR - SAO GABRIEL DA CACHOEIRA,08/09/2017,-
8888888,EST. EXPORTADOR - HUMAITA,08/09/2017,-
8888888,EST. EXPORTADOR - TABATINGA,08/09/2017,-
8888888,EST. EXPORTADOR - MANAUS,08/09/2017,-
8888888,EST. EXPORTADOR - TABATINGA,08/09/2017,-
8888888,EST. EXPORTADOR - MANAUS,08/09/2017,-
8888888,EST. EXPORTADOR - RIO BRANCO,08/09/2017,-
8888888,EST. EXPORTADOR - SENA MADUREIRA,08/09/2017,-
8888888,EST. EXPORTADOR - CRUZEIRO DO SUL,08/09/2017,-
8888888,EST. EXPORTADOR - ASSIS BRASIL,08/09/2017,-
8888888,EST. EXPORTADOR - MACAPA,08/09/2017,-
8888888,EST. EXPORTADOR - OIAPOQUE,08/09/2017,-
8888888,EST. EXPORTADOR - SANTANA,08/09/2017,-
8888888,EST. EXPORTADOR - PORTO VELHO,08/09/2017,-
8888888,EST. EXPORTADOR - GUAJARA MIRIM,08/09/2017,-
8888888,EST. EXPORTADOR - VILHENA,08/09/2017,-
8888888,EST. EXPORTADOR - BOA VISTA,08/09/2017,-
8888888,EST. EXPORTADOR - PACARAIMA,08/09/2017,-
8888888,EST. EXPORTADOR - BONFIM,08/09/2017,-
8888888,EST. EXPORTADOR - FORTALEZA,08/09/2017,-
8888888,EST. EXPORTADOR - ACARAU,08/09/2017,-
8888888,EST. EXPORTADOR - CRATEUS,08/09/2017,-
8888888,EST. EXPORTADOR - ITAPIPOCA,08/09/2017,-
8888888,EST. EXPORTADOR - MARANGUAPE,08/09/2017,-
8888888,EST. EXPORTADOR - QUIXADA,08/09/2017,-
8888888,EST. EXPORTADOR - CAUCAIA,08/09/2017,-
8888888,EST. EXPORTADOR - JUAZEIRO DO NORTE,08/09/2017,-
8888888,EST. EXPORTADOR - IGUATU,08/09/2017,-
8888888,EST. EXPORTADOR - CAMOCIM,08/09/2017,-
8888888,EST. EXPORTADOR - SAO LUIS,08/09/2017,-
8888888,EST. EXPORTADOR - PINHEIRO,08/09/2017,-
8888888,EST. EXPORTADOR - SANTA INES,08/09/2017,-
8888888,EST. EXPORTADOR - CAXIAS,08/09/2017,-
8888888,EST. EXPORTADOR - TERESINA,08/09/2017,-
8888888,EST. EXPORTADOR - PIRIPIRI,08/09/2017,-
8888888,EST. EXPORTADOR - PARNAIBA,08/09/2017,-
8888888,EST. EXPORTADOR - SAO RAIMUNDO NONATO,08/09/2017,-
8888888,EST. EXPORTADOR - RECIFE,08/09/2017,-
8888888,EST. EXPORTADOR - GOIANIA,08/09/2017,-
8888888,EST. EXPORTADOR - LIMOEIRO,08/09/2017,-
8888888,EST. EXPORTADOR - PAULISTA,08/09/2017,-
8888888,EST. EXPORTADOR - JABOATAO DOS GUARARAPES,08/09/2017,-
8888888,EST. EXPORTADOR - BARREIROS,08/09/2017,-
8888888,EST. EXPORTADOR - CABO DE SANTO AGOSTINHO,08/09/2017,-
8888888,EST. EXPORTADOR - PALMARES,08/09/2017,-
8888888,EST. EXPORTADOR - VITORIA DE SANTO ANTAO,08/09/2017,-
8888888,EST. EXPORTADOR - CARUARU,08/09/2017,-
8888888,EST. EXPORTADOR - ARCOVERDE,08/09/2017,-
8888888,EST. EXPORTADOR - GARANHUNS,08/09/2017,-
8888888,EST. EXPORTADOR - SERRA TALHADA,08/09/2017,-
8888888,EST. EXPORTADOR - SALGUEIRO,08/09/2017,-
8888888,EST. EXPORTADOR - ARARIPINA,08/09/2017,-
8888888,EST. EXPORTADOR - RECIFE,08/09/2017,-
8888888,EST. EXPORTADOR - NATAL,08/09/2017,-
8888888,EST. EXPORTADOR - CAICO,08/09/2017,-
8888888,EST. EXPORTADOR - CURRAIS NOVOS,08/09/2017,-
8888888,EST. EXPORTADOR - ASSU,08/09/2017,-
8888888,EST. EXPORTADOR - PARNAMIRIM,08/09/2017,-
8888888,EST. EXPORTADOR - PARNAMIRIM,08/09/2017,-
8888888,EST. EXPORTADOR - NATAL,08/09/2017,-
8888888,EST. EXPORTADOR - AREIA BRANCA,08/09/2017,-
8888888,EST. EXPORTADOR - JOAO PESSOA,08/09/2017,-
8888888,EST. EXPORTADOR - GUARABIRA,08/09/2017,-
8888888,EST. EXPORTADOR - ITABAIANA,08/09/2017,-
8888888,EST. EXPORTADOR - SANTA RITA,08/09/2017,-
8888888,EST. EXPORTADOR - CABEDELO,08/09/2017,-
8888888,EST. EXPORTADOR - MACEIO,08/09/2017,-
8888888,EST. EXPORTADOR - ARAPIRACA,08/09/2017,-
8888888,EST. EXPORTADOR - PALMEIRA DOS INDIOS,08/09/2017,-
8888888,EST. EXPORTADOR - PENEDO,08/09/2017,-
8888888,EST. EXPORTADOR - UNIAO DOS PALMARES,08/09/2017,-
8888888,EST. EXPORTADOR - DELMIRO GOUVEIA,08/09/2017,-
8888888,EST. EXPORTADOR - MACEIO,08/09/2017,-
8888888,EST. EXPORTADOR - SALVADOR,08/09/2017,-
8888888,EST. EXPORTADOR - FEIRA DE SANTANA,08/09/2017,-
8888888,EST. EXPORTADOR - BARREIRAS,08/09/2017,-
8888888,EST. EXPORTADOR - EUCLIDES DA CUNHA,08/09/2017,-
8888888,EST. EXPORTADOR - IBOTIRAMA,08/09/2017,-
8888888,EST. EXPORTADOR - IRECE,08/09/2017,-
8888888,EST. EXPORTADOR - ITABERABA,08/09/2017,-
8888888,EST. EXPORTADOR - JACOBINA,08/09/2017,-
8888888,EST. EXPORTADOR - JUAZEIRO,08/09/2017,-
8888888,EST. EXPORTADOR - SEABRA,08/09/2017,-
8888888,EST. EXPORTADOR - SENHOR DO BONFIM,08/09/2017,-
8888888,EST. EXPORTADOR - PAULO AFONSO,08/09/2017,-
8888888,EST. EXPORTADOR - RIBEIRA DO POMBAL,08/09/2017,-
8888888,EST. EXPORTADOR - CRUZ DAS ALMAS,08/09/2017,-
8888888,EST. EXPORTADOR - SANTO ANTONIO DE JESUS,08/09/2017,-
8888888,EST. EXPORTADOR - VITORIA DA CONQUISTA,08/09/2017,-
8888888,EST. EXPORTADOR - BOM JESUS DA LAPA,08/09/2017,-
8888888,EST. EXPORTADOR - GUANAMBI,08/09/2017,-
8888888,EST. EXPORTADOR - ITAPETINGA,08/09/2017,-
8888888,EST. EXPORTADOR - JEQUIE,08/09/2017,-
8888888,EST. EXPORTADOR - SANTA MARIA DA VITORIA,08/09/2017,-
8888888,EST. EXPORTADOR - CAMACARI,08/09/2017,-
8888888,EST. EXPORTADOR - ALAGOINHAS,08/09/2017,-
8888888,EST. EXPORTADOR - IPIAU,08/09/2017,-
8888888,EST. EXPORTADOR - ITAMARAJU,08/09/2017,-
8888888,EST. EXPORTADOR - VALENCA,08/09/2017,-
8888888,EST. EXPORTADOR - ARACAJU,08/09/2017,-
8888888,EST. EXPORTADOR - BELO HORIZONTE,08/09/2017,-
8888888,EST. EXPORTADOR - CONSELHEIRO LAFAIETE,08/09/2017,-
8888888,EST. EXPORTADOR - CORINTO,08/09/2017,-
8888888,EST. EXPORTADOR - GOVERNADOR VALADARES,08/09/2017,-
8888888,EST. EXPORTADOR - TEOFILO OTONI,08/09/2017,-
8888888,EST. EXPORTADOR - AIMORES,08/09/2017,-
8888888,EST. EXPORTADOR - ALMENARA,08/09/2017,-
8888888,EST. EXPORTADOR - CARATINGA,08/09/2017,-
8888888,EST. EXPORTADOR - MANHUACU,08/09/2017,-
8888888,EST. EXPORTADOR - MANTENA,08/09/2017,-
8888888,EST. EXPORTADOR - NANUQUE,08/09/2017,-
8888888,EST. EXPORTADOR - PEDRA AZUL,08/09/2017,-
8888888,EST. EXPORTADOR - GUANHAES,08/09/2017,-
8888888,EST. EXPORTADOR - JUIZ DE FORA,08/09/2017,-
8888888,EST. EXPORTADOR - CATAGUASES,08/09/2017,-
8888888,EST. EXPORTADOR - BARBACENA,08/09/2017,-
8888888,EST. EXPORTADOR - CARANGOLA,08/09/2017,-
8888888,EST. EXPORTADOR - MURIAE,08/09/2017,-
8888888,EST. EXPORTADOR - SAO JOAO DEL REI,08/09/2017,-
8888888,EST. EXPORTADOR - UBA,08/09/2017,-
8888888,EST. EXPORTADOR - VICOSA,08/09/2017,-
8888888,EST. EXPORTADOR - ANDRELANDIA,08/09/2017,-
8888888,EST. EXPORTADOR - MURIAE,08/09/2017,-
8888888,EST. EXPORTADOR - PONTE NOVA,08/09/2017,-
8888888,EST. EXPORTADOR - ITURAMA,08/09/2017,-
8888888,EST. EXPORTADOR - SAO GOTARDO,08/09/2017,-
8888888,EST. EXPORTADOR - VARGINHA,08/09/2017,-
8888888,EST. EXPORTADOR - ITAJUBA,08/09/2017,-
8888888,EST. EXPORTADOR - LAVRAS,08/09/2017,-
8888888,EST. EXPORTADOR - ALFENAS,08/09/2017,-
8888888,EST. EXPORTADOR - POUSO ALEGRE,08/09/2017,-
8888888,EST. EXPORTADOR - SANTA RITA DO SAPUCAI,08/09/2017,-
8888888,EST. EXPORTADOR - SAO LOURENCO,08/09/2017,-
8888888,EST. EXPORTADOR - TRES CORACOES,08/09/2017,-
8888888,EST. EXPORTADOR - TRES PONTAS,08/09/2017,-
8888888,EST. EXPORTADOR - DORES DO INDAIA,08/09/2017,-
8888888,EST. EXPORTADOR - ITAUNA,08/09/2017,-
8888888,EST. EXPORTADOR - OLIVEIRA,08/09/2017,-
8888888,EST. EXPORTADOR - SANTO ANTONIO DO MONTE,08/09/2017,-
8888888,EST. EXPORTADOR - MONTES CLAROS,08/09/2017,-
8888888,EST. EXPORTADOR - PIRAPORA,08/09/2017,-
8888888,EST. EXPORTADOR - UBERLANDIA,08/09/2017,-
8888888,EST. EXPORTADOR - ARAGUARI,08/09/2017,-
8888888,EST. EXPORTADOR - ITUIUTABA,08/09/2017,-
8888888,EST. EXPORTADOR - PATOS DE MINAS,08/09/2017,-
8888888,EST. EXPORTADOR - PATROCINIO,08/09/2017,-
8888888,EST. EXPORTADOR - PATROCINIO,08/09/2017,-
8888888,EST. EXPORTADOR - MUZAMBINHO,08/09/2017,-
8888888,EST. EXPORTADOR - CONFINS INTERNATIONAL,08/09/2017,-
8888888,EST. EXPORTADOR - RIO DE JANEIRO,08/09/2017,-
8888888,EST. EXPORTADOR - CATETE,08/09/2017,-
8888888,EST. EXPORTADOR - IPANEMA,08/09/2017,-
8888888,EST. EXPORTADOR - NITEROI,08/09/2017,-
8888888,EST. EXPORTADOR - NOVA FRIBURGO,08/09/2017,-
8888888,EST. EXPORTADOR - SAO GONCALO,08/09/2017,-
8888888,EST. EXPORTADOR - CABO FRIO,08/09/2017,-
8888888,EST. EXPORTADOR - RIO BONITO,08/09/2017,-
8888888,EST. EXPORTADOR - NOVA IGUACU,08/09/2017,-
8888888,EST. EXPORTADOR - DUQUE DE CAXIAS,08/09/2017,-
8888888,EST. EXPORTADOR - PETROPOLIS,08/09/2017,-
8888888,EST. EXPORTADOR - TERESOPOLIS,08/09/2017,-
8888888,EST. EXPORTADOR - ITAGUAI,08/09/2017,-
8888888,EST. EXPORTADOR - TRES RIOS,08/09/2017,-
8888888,EST. EXPORTADOR - MACAE,08/09/2017,-
8888888,EST. EXPORTADOR - VOLTA REDONDA,08/09/2017,-
8888888,EST. EXPORTADOR - BARRA DO PIRAI,08/09/2017,-
8888888,EST. EXPORTADOR - RESENDE,08/09/2017,-
8888888,EST. EXPORTADOR - ANGRA DOS REIS,08/09/2017,-
8888888,EST. EXPORTADOR - RIO DE JANEIRO,08/09/2017,-
8888888,EST. EXPORTADOR - CAMPO GRANDE,08/09/2017,-
8888888,EST. EXPORTADOR - RIO DE JANEIRO,08/09/2017,-
8888888,EST. EXPORTADOR - RIO DE JANEIRO,08/09/2017,-
8888888,EST. EXPORTADOR - RIO DE JANEIRO,08/09/2017,-
8888888,EST. EXPORTADOR - RIO DE JANEIRO,08/09/2017,-
8888888,EST. EXPORTADOR - RIO DE JANEIRO,08/09/2017,-
8888888,EST. EXPORTADOR - RIO DE JANEIRO,08/09/2017,-
8888888,EST. EXPORTADOR - RIO DE JANEIRO,08/09/2017,-
8888888,EST. EXPORTADOR - RIO DE JANEIRO,08/09/2017,-
8888888,EST. EXPORTADOR - RIO DE JANEIRO,08/09/2017,-
8888888,EST. EXPORTADOR - ITAGUAI,08/09/2017,-
8888888,EST. EXPORTADOR - VITORIA,08/09/2017,-
8888888,EST. EXPORTADOR - CACHOEIRO DE ITAPEMIRIM,08/09/2017,-
8888888,EST. EXPORTADOR - COLATINA,08/09/2017,-
8888888,EST. EXPORTADOR - LINHARES,08/09/2017,-
8888888,EST. EXPORTADOR - SAO MATEUS,08/09/2017,-
8888888,EST. EXPORTADOR - SERRA,08/09/2017,-
8888888,EST. EXPORTADOR - VILA VELHA,08/09/2017,-
8888888,EST. EXPORTADOR - VITORIA,08/09/2017,-
8888888,EST. EXPORTADOR - SAO PAULO,08/09/2017,-
8888888,EST. EXPORTADOR - LAPA,08/09/2017,-
8888888,EST. EXPORTADOR - ARACATUBA,08/09/2017,-
8888888,EST. EXPORTADOR - ANDRADINA,08/09/2017,-
8888888,EST. EXPORTADOR - PENAPOLIS,08/09/2017,-
8888888,EST. EXPORTADOR - PEREIRA BARRETO,08/09/2017,-
8888888,EST. EXPORTADOR - JALES,08/09/2017,-
8888888,EST. EXPORTADOR - LINS,08/09/2017,-
8888888,EST. EXPORTADOR - BAURU,08/09/2017,-
8888888,EST. EXPORTADOR - BOTUCATU,08/09/2017,-
8888888,EST. EXPORTADOR - JAU,08/09/2017,-
8888888,EST. EXPORTADOR - LENCOIS PAULISTA,08/09/2017,-
8888888,EST. EXPORTADOR - AVARE,08/09/2017,-
8888888,EST. EXPORTADOR - CAMPINAS,08/09/2017,-
8888888,EST. EXPORTADOR - INDAIATUBA,08/09/2017,-
8888888,EST. EXPORTADOR - SUMARE,08/09/2017,-
8888888,EST. EXPORTADOR - PRESIDENTE PRUDENTE,08/09/2017,-
8888888,EST. EXPORTADOR - ADAMANTINA,08/09/2017,-
8888888,EST. EXPORTADOR - DRACENA,08/09/2017,-
8888888,EST. EXPORTADOR - PRESIDENTE VENCESLAU,08/09/2017,-
8888888,EST. EXPORTADOR - SANTOS,08/09/2017,-
8888888,EST. EXPORTADOR - ITANHAEM,08/09/2017,-
8888888,EST. EXPORTADOR - REGISTRO,08/09/2017,-
8888888,EST. EXPORTADOR - GUARUJA,08/09/2017,-
8888888,EST. EXPORTADOR - PRAIA GRANDE,08/09/2017,-
8888888,EST. EXPORTADOR - SAO JOSE DO RIO PRETO,08/09/2017,-
8888888,EST. EXPORTADOR - FERNANDOPOLIS,08/09/2017,-
8888888,EST. EXPORTADOR - CATANDUVA,08/09/2017,-
8888888,EST. EXPORTADOR - OLIMPIA,08/09/2017,-
8888888,EST. EXPORTADOR - VOTUPORANGA,08/09/2017,-
8888888,EST. EXPORTADOR - RIBEIRAO PRETO,08/09/2017,-
8888888,EST. EXPORTADOR - ARARAQUARA,08/09/2017,-
8888888,EST. EXPORTADOR - BEBEDOURO,08/09/2017,-
8888888,EST. EXPORTADOR - FRANCA,08/09/2017,-
8888888,EST. EXPORTADOR - JABOTICABAL,08/09/2017,-
8888888,EST. EXPORTADOR - SOROCABA,08/09/2017,-
8888888,EST. EXPORTADOR - ITAPETININGA,08/09/2017,-
8888888,EST. EXPORTADOR - ITAPEVA,08/09/2017,-
8888888,EST. EXPORTADOR - ITU,08/09/2017,-
8888888,EST. EXPORTADOR - SAO ROQUE,08/09/2017,-
8888888,EST. EXPORTADOR - TATUI,08/09/2017,-
8888888,EST. EXPORTADOR - GUARULHOS,08/09/2017,-
8888888,EST. EXPORTADOR - SUZANO,08/09/2017,-
8888888,EST. EXPORTADOR - LIMEIRA,08/09/2017,-
8888888,EST. EXPORTADOR - ARARAS,08/09/2017,-
8888888,EST. EXPORTADOR - PIRASSUNUNGA,08/09/2017,-
8888888,EST. EXPORTADOR - MOGI GUACU,08/09/2017,-
8888888,EST. EXPORTADOR - SAO JOAO DA BOA VISTA,08/09/2017,-
8888888,EST. EXPORTADOR - SAO JOSE DO RIO PARDO,08/09/2017,-
8888888,EST. EXPORTADOR - OSASCO,08/09/2017,-
8888888,EST. EXPORTADOR - TABOAO DA SERRA,08/09/2017,-
8888888,EST. EXPORTADOR - COTIA,08/09/2017,-
8888888,EST. EXPORTADOR - SANTO ANDRE,08/09/2017,-
8888888,EST. EXPORTADOR - DIADEMA,08/09/2017,-
8888888,EST. EXPORTADOR - SAO BERNARDO DO CAMPO,08/09/2017,-
8888888,EST. EXPORTADOR - SAO CAETANO DO SUL,08/09/2017,-
8888888,EST. EXPORTADOR - RIO DE JANEIRO,08/09/2017,-
8888888,EST. EXPORTADOR - PENHA,08/09/2017,-
8888888,EST. EXPORTADOR - SAO PAULO,08/09/2017,-
8888888,EST. EXPORTADOR - SAO PAULO,08/09/2017,-
8888888,EST. EXPORTADOR - SANTO AMARO,08/09/2017,-
8888888,EST. EXPORTADOR - PIRAJU,08/09/2017,-
8888888,EST. EXPORTADOR - SAO JOSE DOS CAMPOS,08/09/2017,-
8888888,EST. EXPORTADOR - JACAREI,08/09/2017,-
8888888,EST. EXPORTADOR - SAO SEBASTIAO,08/09/2017,-
8888888,EST. EXPORTADOR - SAO PAULO,08/09/2017,-
8888888,EST. EXPORTADOR - FRANCA,08/09/2017,-
8888888,EST. EXPORTADOR - BARRETOS,08/09/2017,-
8888888,EST. EXPORTADOR - SAO JOAQUIM DA BARRA,08/09/2017,-
8888888,EST. EXPORTADOR - BATATAIS,08/09/2017,-
8888888,EST. EXPORTADOR - JUNDIAI,08/09/2017,-
8888888,EST. EXPORTADOR - AMPARO,08/09/2017,-
8888888,EST. EXPORTADOR - BRAGANCA PAULISTA,08/09/2017,-
8888888,EST. EXPORTADOR - FRANCO DA ROCHA,08/09/2017,-
8888888,EST. EXPORTADOR - RIO CLARO,08/09/2017,-
8888888,EST. EXPORTADOR - AMERICANA,08/09/2017,-
8888888,EST. EXPORTADOR - CAPIVARI,08/09/2017,-
8888888,EST. EXPORTADOR - TIETE,08/09/2017,-
8888888,EST. EXPORTADOR - SAO PAULO,08/09/2017,-
8888888,EST. EXPORTADOR - RIO DE JANEIRO,08/09/2017,-
8888888,EST. EXPORTADOR - RIO DE JANEIRO,08/09/2017,-
8888888,EST. EXPORTADOR - SAO PAULO,08/09/2017,-
8888888,EST. EXPORTADOR - SAO PAULO,08/09/2017,-
8888888,EST. EXPORTADOR - SAO PAULO,08/09/2017,-
8888888,EST. EXPORTADOR - SAO PAULO,08/09/2017,-
8888888,EST. EXPORTADOR - SANTOS,08/09/2017,-
8888888,EST. EXPORTADOR - SAO PAULO,08/09/2017,-
8888888,EST. EXPORTADOR - CURITIBA,08/09/2017,-
8888888,EST. EXPORTADOR - PARANAGUA,08/09/2017,-
8888888,EST. EXPORTADOR - SAO JOSE DOS PINHAIS,08/09/2017,-
8888888,EST. EXPORTADOR - COLOMBO,08/09/2017,-
8888888,EST. EXPORTADOR - APUCARANA,08/09/2017,-
8888888,EST. EXPORTADOR - ARAPONGAS,08/09/2017,-
8888888,EST. EXPORTADOR - CORNELIO PROCOPIO,08/09/2017,-
8888888,EST. EXPORTADOR - JACAREZINHO,08/09/2017,-
8888888,EST. EXPORTADOR - CASCAVEL,08/09/2017,-
8888888,EST. EXPORTADOR - FRANCISCO BELTRAO,08/09/2017,-
8888888,EST. EXPORTADOR - LARANJEIRAS DO SUL,08/09/2017,-
8888888,EST. EXPORTADOR - TOLEDO,08/09/2017,-
8888888,EST. EXPORTADOR - IPORA,08/09/2017,-
8888888,EST. EXPORTADOR - PATO BRANCO,08/09/2017,-
8888888,EST. EXPORTADOR - PONTA GROSSA,08/09/2017,-
8888888,EST. EXPORTADOR - GUARAPUAVA,08/09/2017,-
8888888,EST. EXPORTADOR - IRATI,08/09/2017,-
8888888,EST. EXPORTADOR - IBAITI,08/09/2017,-
8888888,EST. EXPORTADOR - IVAIPORA,08/09/2017,-
8888888,EST. EXPORTADOR - SANTO ANTONIO DA PLATINA,08/09/2017,-
8888888,EST. EXPORTADOR - UNIAO DA VITORIA,08/09/2017,-
8888888,EST. EXPORTADOR - MARINGA,08/09/2017,-
8888888,EST. EXPORTADOR - CAMPO MOURAO,08/09/2017,-
8888888,EST. EXPORTADOR - CIANORTE,08/09/2017,-
8888888,EST. EXPORTADOR - JANDAIA DO SUL,08/09/2017,-
8888888,EST. EXPORTADOR - LOANDA,08/09/2017,-
8888888,EST. EXPORTADOR - PARANAVAI,08/09/2017,-
8888888,EST. EXPORTADOR - UMUARAMA,08/09/2017,-
8888888,EST. EXPORTADOR - PARANAGUA,08/09/2017,-
8888888,EST. EXPORTADOR - ARARANGUA,08/09/2017,-
8888888,EST. EXPORTADOR - CRICIUMA,08/09/2017,-
8888888,EST. EXPORTADOR - TUBARAO,08/09/2017,-
8888888,EST. EXPORTADOR - LAGUNA,08/09/2017,-
8888888,EST. EXPORTADOR - JOINVILLE,08/09/2017,-
8888888,EST. EXPORTADOR - CANOINHAS,08/09/2017,-
8888888,EST. EXPORTADOR - JARAGUA DO SUL,08/09/2017,-
8888888,EST. EXPORTADOR - MAFRA,08/09/2017,-
8888888,EST. EXPORTADOR - SAO BENTO DO SUL,08/09/2017,-
8888888,EST. EXPORTADOR - JOACABA,08/09/2017,-
8888888,EST. EXPORTADOR - CACADOR,08/09/2017,-
8888888,EST. EXPORTADOR - CHAPECO,08/09/2017,-
8888888,EST. EXPORTADOR - CONCORDIA,08/09/2017,-
8888888,EST. EXPORTADOR - VIDEIRA,08/09/2017,-
8888888,EST. EXPORTADOR - XANXERE,08/09/2017,-
8888888,EST. EXPORTADOR - BLUMENAU,08/09/2017,-
8888888,EST. EXPORTADOR - BRUSQUE,08/09/2017,-
8888888,EST. EXPORTADOR - RIO DO SUL,08/09/2017,-
8888888,EST. EXPORTADOR - TIMBO,08/09/2017,-
8888888,EST. EXPORTADOR - FLORIANO,08/09/2017,-
8888888,EST. EXPORTADOR - IMBITUBA,08/09/2017,-
8888888,EST. EXPORTADOR - SAO FRANCISCO DO SUL,08/09/2017,-
8888888,EST. EXPORTADOR - ITAJAI,08/09/2017,-
8888888,EST. EXPORTADOR - PORTO ALEGRE,08/09/2017,-
8888888,EST. EXPORTADOR - CANOAS,08/09/2017,-
8888888,EST. EXPORTADOR - GRAVATAI,08/09/2017,-
8888888,EST. EXPORTADOR - GUAIBA,08/09/2017,-
8888888,EST. EXPORTADOR - SANTO ANTONIO DA PATRULHA,08/09/2017,-
8888888,EST. EXPORTADOR - TORRES,08/09/2017,-
8888888,EST. EXPORTADOR - CAMAQUA,08/09/2017,-
8888888,EST. EXPORTADOR - VIAMAO,08/09/2017,-
8888888,EST. EXPORTADOR - TRAMANDAI,08/09/2017,-
8888888,EST. EXPORTADOR - PELOTAS,08/09/2017,-
8888888,EST. EXPORTADOR - CANGUCU,08/09/2017,-
8888888,EST. EXPORTADOR - SAO LOURENCO DO SUL,08/09/2017,-
8888888,EST. EXPORTADOR - DOM PEDRITO,08/09/2017,-
8888888,EST. EXPORTADOR - CHUI,08/09/2017,-
8888888,EST. EXPORTADOR - JAGUARAO,08/09/2017,-
8888888,EST. EXPORTADOR - BAGE,08/09/2017,-
8888888,EST. EXPORTADOR - SANTA MARIA,08/09/2017,-
8888888,EST. EXPORTADOR - CACHOEIRA DO SUL,08/09/2017,-
8888888,EST. EXPORTADOR - SANTIAGO,08/09/2017,-
8888888,EST. EXPORTADOR - SAO GABRIEL,08/09/2017,-
8888888,EST. EXPORTADOR - CACAPAVA DO SUL,08/09/2017,-
8888888,EST. EXPORTADOR - ALEGRETE,08/09/2017,-
8888888,EST. EXPORTADOR - CAXIAS DO SUL,08/09/2017,-
8888888,EST. EXPORTADOR - BENTO GONCALVES,08/09/2017,-
8888888,EST. EXPORTADOR - CANELA,08/09/2017,-
8888888,EST. EXPORTADOR - VACARIA,08/09/2017,-
8888888,EST. EXPORTADOR - VERANOPOLIS,08/09/2017,-
8888888,EST. EXPORTADOR - NOVO HAMBURGO,08/09/2017,-
8888888,EST. EXPORTADOR - SAO LEOPOLDO,08/09/2017,-
8888888,EST. EXPORTADOR - SANTO ANGELO,08/09/2017,-
8888888,EST. EXPORTADOR - CRUZ ALTA,08/09/2017,-
8888888,EST. EXPORTADOR - IJUI,08/09/2017,-
8888888,EST. EXPORTADOR - SANTA ROSA,08/09/2017,-
8888888,EST. EXPORTADOR - SAO LUIZ GONZAGA,08/09/2017,-
8888888,EST. EXPORTADOR - FREDERICO WESTPHALEN,08/09/2017,-
8888888,EST. EXPORTADOR - ENCANTADO,08/09/2017,-
8888888,EST. EXPORTADOR - RIO GRANDE,08/09/2017,-
8888888,EST. EXPORTADOR - MUNDO NOVO,01/01/2018,-
8888888,EST. EXPORTADOR - CORUMBA,01/01/2018,-
8888888,EST. EXPORTADOR - PONTA PORA,01/01/2018,-
8888888,EST. EXPORTADOR - BELA VISTA,01/01/2018,-
8888888,EST. EXPORTADOR - PORTO MURTINHO,01/01/2018,-
8888888,EST. EXPORTADOR - OBIDOS,01/01/2018,-
8888888,EST. EXPORTADOR - BELEM,01/01/2018,-
8888888,EST. EXPORTADOR - BELEM,01/01/2018,-
8888888,EST. EXPORTADOR - ITACOATIARA,01/01/2018,-
8888888,EST. EXPORTADOR - BRASILEIA,01/01/2018,-
8888888,EST. EXPORTADOR - FORTALEZA,01/01/2018,-
8888888,EST. EXPORTADOR - FORTALEZA,01/01/2018,-
8888888,EST. EXPORTADOR - PECEM,01/01/2018,-
8888888,EST. EXPORTADOR - RECIFE,01/01/2018,-
8888888,EST. EXPORTADOR - GUARARAPES,01/01/2018,-
8888888,EST. EXPORTADOR - SUAPE,01/01/2018,-
8888888,EST. EXPORTADOR - SALVADOR,01/01/2018,-
8888888,EST. EXPORTADOR - SALVADOR,01/01/2018,-
8888888,EST. EXPORTADOR - BELO HORIZONTE,01/01/2018,-
8888888,EST. EXPORTADOR - CAPANEMA,01/01/2018,-
8888888,EST. EXPORTADOR - FOZ DO IGUACU,01/01/2018,-
8888888,EST. EXPORTADOR - GUAIRA,01/01/2018,-
8888888,EST. EXPORTADOR - SANTA HELENA,01/01/2018,-
8888888,EST. EXPORTADOR - CURITIBA,01/01/2018,-
8888888,EST. EXPORTADOR - DIONISIO CERQUEIRA,01/01/2018,-
8888888,EST. EXPORTADOR - FLORIANOPOLIS,01/01/2018,-
8888888,EST. EXPORTADOR - IMBITUBA,01/01/2018,-
8888888,EST. EXPORTADOR - URUGUAIANA,01/01/2018,-
8888888,EST. EXPORTADOR - ITAQUI,01/01/2018,-
8888888,EST. EXPORTADOR - SAO BORJA,01/01/2018,-
8888888,EST. EXPORTADOR - QUARAI,01/01/2018,-
8888888,EST. EXPORTADOR - PORTO ALEGRE,01/01/2018,-
8888888,EST. EXPORTADOR - CHUI,01/01/2018,-
8888888,EST. EXPORTADOR - PORTO ALEGRE,01/01/2018,-
8888888,EST. EXPORTADOR - BARCARENA,16/01/2018,-
8888888,EST. EXPORTADOR - PRESIDENTE DUTRA,16/01/2018,-
8888888,EST. EXPORTADOR - ITABIRA,16/01/2018,-
8888888,EST. EXPORTADOR - AISP/GUARULHOS,01/10/2018,-
8888888,EST. EXPORTADOR - VIRACOPOS/SAO PAULO,01/10/2018,-
8888888,EST. EXPORTADOR - ALTA FLORESTA,25/07/2020,-
8888888,EST. EXPORTADOR - AQUIDAUANA,25/07/2020,-
8888888,EST. EXPORTADOR - DOURADOS,25/07/2020,-
8888888,EST. EXPORTADOR - NAVIRAI,25/07/2020,-
8888888,EST. EXPORTADOR - DIANOPOLIS,25/07/2020,-
8888888,EST. EXPORTADOR - MIRACEMA DO TOCANTINS,25/07/2020,-
8888888,EST. EXPORTADOR - RUSSAS,25/07/2020,-
8888888,EST. EXPORTADOR - BACABAL,25/07/2020,-
8888888,EST. EXPORTADOR - IMPERATRIZ,25/07/2020,-
8888888,EST. EXPORTADOR - CAROLINA,25/07/2020,-
8888888,EST. EXPORTADOR - BALSAS,25/07/2020,-
8888888,EST. EXPORTADOR - PICOS,25/07/2020,-
8888888,EST. EXPORTADOR - SAO LUIS,25/07/2020,-
8888888,EST. EXPORTADOR - PATOS,25/07/2020,-
8888888,EST. EXPORTADOR - SOUSA,25/07/2020,-
8888888,EST. EXPORTADOR - CAJAZEIRAS,25/07/2020,-
8888888,EST. EXPORTADOR - SANTANA DO IPANEMA,25/07/2020,-
8888888,EST. EXPORTADOR - SERRINHA,25/07/2020,-
8888888,EST. EXPORTADOR - BRUMADO,25/07/2020,-
8888888,EST. EXPORTADOR - EUNAPOLIS,25/07/2020,-
8888888,EST. EXPORTADOR - PORTO SEGURO,25/07/2020,-
8888888,EST. EXPORTADOR - ILHEUS,25/07/2020,-
8888888,EST. EXPORTADOR - ESTANCIA,25/07/2020,-
8888888,EST. EXPORTADOR - ITABAIANA,25/07/2020,-
8888888,EST. EXPORTADOR - PROPRIA,25/07/2020,-
8888888,EST. EXPORTADOR - OURO PRETO,25/07/2020,-
8888888,EST. EXPORTADOR - JOAO MONLEVADE,25/07/2020,-
8888888,EST. EXPORTADOR - ARAXA,25/07/2020,-
8888888,EST. EXPORTADOR - FRUTAL,25/07/2020,-
8888888,EST. EXPORTADOR - DIVINOPOLIS,25/07/2020,-
8888888,EST. EXPORTADOR - BOM DESPACHO,25/07/2020,-
8888888,EST. EXPORTADOR - FORMIGA,25/07/2020,-
8888888,EST. EXPORTADOR - PARA DE MINAS,25/07/2020,-
8888888,EST. EXPORTADOR - PASSOS,25/07/2020,-
8888888,EST. EXPORTADOR - CAMPO BELO,25/07/2020,-
8888888,EST. EXPORTADOR - JANAUBA,25/07/2020,-
8888888,EST. EXPORTADOR - BETIM,25/07/2020,-
8888888,EST. EXPORTADOR - POCOS DE CALDAS,25/07/2020,-
8888888,EST. EXPORTADOR - GUAXUPE,25/07/2020,-
8888888,EST. EXPORTADOR - SAO SEBASTIAO DO PARAISO,25/07/2020,-
8888888,EST. EXPORTADOR - CURVELO,25/07/2020,-
8888888,EST. EXPORTADOR - PARACATU,25/07/2020,-
8888888,EST. EXPORTADOR - DIAMANTINA,25/07/2020,-
8888888,EST. EXPORTADOR - CAMPOS DOS GOITACAZES,25/07/2020,-
8888888,EST. EXPORTADOR - ITAPERUNA,25/07/2020,-
8888888,EST. EXPORTADOR - SANTO ANTONIO DE PADUA,25/07/2020,-
8888888,EST. EXPORTADOR - MACAE,25/07/2020,-
8888888,EST. EXPORTADOR - TAUBATE,25/07/2020,-
8888888,EST. EXPORTADOR - CRUZEIRO,25/07/2020,-
8888888,EST. EXPORTADOR - GUARATINGUETA,25/07/2020,-
8888888,EST. EXPORTADOR - PINDAMONHANGABA,25/07/2020,-
8888888,EST. EXPORTADOR - CAMPOS DO JORDAO,25/07/2020,-
8888888,EST. EXPORTADOR - UBATUBA,25/07/2020,-
8888888,EST. EXPORTADOR - OURINHOS,25/07/2020,-
8888888,EST. EXPORTADOR - ASSIS,25/07/2020,-
8888888,EST. EXPORTADOR - TUPA,25/07/2020,-
8888888,EST. EXPORTADOR - MOGI DAS CRUZES,25/07/2020,-
8888888,EST. EXPORTADOR - SAO CARLOS,25/07/2020,-
8888888,EST. EXPORTADOR - IBITINGA,25/07/2020,-
8888888,EST. EXPORTADOR - BARUERI,25/07/2020,-
8888888,EST. EXPORTADOR - SAO MIGUEL DOESTE,25/07/2020,-
8888888,EST. EXPORTADOR - CARAZINHO,25/07/2020,-
8888888,EST. EXPORTADOR - ERECHIM,25/07/2020,-
8888888,EST. EXPORTADOR - LAGOA VERMELHA,25/07/2020,-
8888888,EST. EXPORTADOR - GUAPORE,25/07/2020,-
8888888,EST. EXPORTADOR - TAQUARA,25/07/2020,-
8888888,EST. EXPORTADOR - PALMEIRA DAS MISSOES,25/07/2020,-
8888888,EST. EXPORTADOR - LAJEADO,25/07/2020,-
8888888,EST. EXPORTADOR - MONTENEGRO,25/07/2020,-
8888888,EST. EXPORTADOR - SANTANA DO LIVRAMENTO,25/07/2020,-
8888888,EST. EXPORTADOR - MAUA,25/07/2020,-
8888888,EST. EXPORTADOR - PORTO XAVIER,25/07/2020,-
8899801,NACIONALIZAÇÃO ADM. TEMP. (NOTICIA 82/06),16/07/2012,-
8911101,CONCESSIONÁRIA DO AEROPORTO INTERNACIONAL DE GUARULHOS S/A,25/01/2017,-
8911102,GATGRU SERVIÇOS AUXILIARES AO TRANSPORTE AÉREO LTDA,22/10/2020,-
8912001,DHL EXPRESS (BRAZIL) LTDA.,01/08/2023,-
8912002,EMPRESA BRASILEIRA DE CORREIOS E TELÉGRAFOS - ECT,29/01/2026,-
8912003,TFK BRASIL PARTICIPAÇÕES LTDA.,03/10/2024,-
8912004,FLOGISTICS BRASIL LOGISTICA E TRANSPORTE LTDA.,23/09/2024,-
8916101,LOJA FRANCA - BRASIF DUTY FREE SHOP LTDA. - GUARULHOS/SP LOJA 1 - S.DE EMBARQUE ,26/01/2009,-
8916103,LOJA FRANCA - BRASIF DUTY FREE SHOP LTDA - GUARULHOS/SP - LOJA 3 - S. DE ,26/01/2009,-
8916104,LOJA FRANCA - BRASIF DUTY FREE SHOP LTDA. - GUARULHOS/SP - LJ 4 - S. DE ,26/01/2009,-
8916105,LOJA FRANCA - BRASIF DUTY FREE SHOP LTDA - GUARULHOS/SP LJ 5 - S. DE ,26/01/2009,-
8916107,LOJA FRANCA-BRASIF DUTY FREE SHOP-AISP-GUARULHOS/SP,26/01/2009,-
8916109,LOJA FRANCA COMPL. - BRASIF DUTY FREE SHOP LTDA.,26/01/2009,-
8916110,LOJA FRANCA - DUFRY DO BRASIL DUTY FREE SHOP LTDA.,26/01/2009,-
8916111,LOJA FRANCA - BRASIF DUTY FREE SHOP LTDA,26/01/2009,-
8916113,LOJA FRANCA - BRASIF DUTY FREE SHOP LTDA,31/05/2012,-
8916114,LOJA FRANCA - REUAS JÓIAS E RELÓGIOS LTDA,31/05/2011,-
8916116,DUFRY DO BRASIL DUTY FREE SHOP LTDA (DUFRY),09/05/2014,-
8916117,DUFRY DO BRASIL DUTY FREE SHOP LTDA (DUFRY),09/05/2014,-
8916118,DUFRY DO BRASIL DUTY FREE SHOP LTDA (DUFRY),09/05/2014,-
8916119,DUFRY DO BRASIL DUTY FREE SHOP LTDA (DUFRY),09/05/2014,-
8916120,DUFRY DO BRASIL DUTY FREE SHOP LTDA (DUFRY),09/05/2014,-
8916121,DUFRY DO BRASIL DUTY FREE SHOP LTDA (DUFRY),09/05/2014,-
8916122,DUFRY DO BRASIL DUTY FREE SHOP LTDA (DUFRY),09/05/2014,-
8916123,DUFRY DO BRASIL DUTY FREE SHOP LTDA (DUFRY),09/05/2014,-
8916124,DUFRY DO BRASIL DUTY FREE SHOP LTDA (DUFRY),09/05/2014,-
8916125,DUFRY DO BRASIL DUTY FREE SHOP LTDA (DUFRY),09/05/2014,-
8916126,DUFRY DO BRASIL DUTY FREE SHOP LTDA (DUFRY),09/05/2014,-
8916127,DUFRY DO BRASIL DUTY FREE SHOP LTDA (DUFRY),09/05/2014,-
8916128,DUFRY DO BRASIL DUTY FREE SHOP LTDA (DUFRY),09/05/2014,-
8916129,DUFRY DO BRASIL DUTY FREE SHOP LTDA (DUFRY),09/05/2014,-
8916130,DUFRY DO BRASIL DUTY FREE SHOP LTDA (DUFRY),09/05/2014,-
8916131,DUFRY DO BRASIL DUTY FREE SHOP LTDA (DUFRY),09/05/2014,-
8916132,DUFRY DO BRASIL DUTY FREE SHOP LTDA (DUFRY),09/05/2014,-
8916134,DUFRY LOJAS FRANCAS LTDA,03/12/2014,-
8916135,DUFRY LOJAS FRANCAS LTDA,03/12/2014,-
8916136,DUFRY LOJAS FRANCAS LTDA,03/12/2014,-
8916137,DUFRY LOJAS FRANCAS LTDA,03/12/2014,-
8916138,DUFRY LOJAS FRANCAS LTDA,03/12/2014,-
8916139,DUFRY LOJAS FRANCAS LTDA,03/12/2014,-
8916140,DUFRY LOJAS FRANCAS LTDA,03/12/2014,-
8916141,DUFRY LOJAS FRANCAS LTDA,03/12/2014,-
8916142,DUFRY LOJAS FRANCAS LTDA,03/12/2014,-
8916143,DUFRY LOJAS FRANCAS LTDA,03/12/2014,-
8916145,DUFRY LOJAS FRANCAS LTDA,03/12/2014,-
8916146,DUFRY LOJAS FRANCAS LTDA,03/12/2014,-
8916147,DUFRY LOJAS FRANCAS LTDA,03/12/2014,-
8916148,DUFRY LOJAS FRANCAS LTDA,03/12/2014,-
8916152,DUFRY LOJAS FRANCAS LTDA,03/12/2014,-
8916153,DUFRY LOJAS FRANCAS LTDA,03/12/2014,-
8916154,DUFRY LOJAS FRANCAS LTDA.,09/06/2017,-
8916155,DUFRY LOJAS FRANCAS LTDA.,09/06/2017,-
8916156,DUFRY LOJAS FRANCAS LTDA.,09/06/2017,-
8916157,DUFRY LOJAS FRANCAS LTDA.,09/06/2017,-
8916158,DUFRY LOJAS FRANCAS LTDA.,09/06/2017,-
8916159,DUFRY LOJAS FRANCAS LTDA.,09/06/2017,-
8916160,DUFRY LOJAS FRANCAS LTDA.,12/06/2017,-
8916161,DUFRY LOJAS FRANCAS LTDA.,12/06/2017,-
8916162,DUFRY LOJAS FRANCAS LTDA,06/09/2019,-
8916163,TELLERINA COMÉRCIO DE PRESENTES E ARTIGOS PARA DECORAÇÃO S/A,02/06/2026,-
8916164,DUFRY LOJAS FRANCAS LTDA,15/10/2019,-
8916165,JOIAS BRASILIS EXPORT - IMPORT LTDA.,30/10/2024,-
8916166,DUFRY LOJAS FRANCAS LTDA.,23/07/2025,-
8916167,DUFRY LOJAS FRANCAS LTDA.,23/07/2025,-
8916168,DUFRY LOJAS FRANCAS LTDA.,29/12/2025,-
8916169,DUFRY LOJAS FRANCAS LTDA.,10/07/2026,-
8916170,DUFRY LOJAS FRANCAS LTDA.,10/07/2026,-
8917201,DEPOSITO AFIANCADO-AMERICAN AIRLINES INC-AISP/GUARULHOS/SP,26/01/2009,-
8917202,DEPOSITO AFIANCADO-AIR FRANCE-AISP/GUARULHOS/SP,26/01/2009,-
8917203,DEPOSITO AFIANCADO-DEUTSCHE LUFTHANSA-AISP/GUARULHOS/SP,26/01/2009,-
8917205,DEPOSITO AFIANCADO-TAP S/A-AISP/GUARULHOS/SP,26/01/2009,-
8917211,DEPOSITO AFIANCADO-AIR CANADA INT-AISP/GUARULHOS/SP,19/06/2012,-
8917212,DEP.AFIANCADO-SWISS. INTL AIR LINES AG,31/05/2012,-
8917213,DEPOSITO AFIANCADO-BRITISH AIRWAYS PLC-AISP/GUARULHOS/SP,26/01/2009,-
8917214,DEPOSITO AFIANCADO - AEROLINEAS ARGENTINAS S/A - GUARULHOS/SPAEROPORTO ,31/05/2012,-
8917216,DEP.AFIANCADO-ALITALIA COMPAGNIA AEREA ITALIANA S.P.A,31/05/2012,-
8917217,DEPOSITO AFIANCADO-TAM-AISP/GUARULHOS/SP,26/01/2009,-
8917218,DEPOSITO AFIANCADO-CONTINENTAL AIRLINES INC.,06/11/2015,-
8917220,DEPOSITO AFIANCADO-DELTA AIR LINE-AISP/GUARULHOS-S.PAULO/SP,10/09/2020,-
8917221,"DEPOSITO AFIANÇADO-KLM-TPS1,PISO TERREO FING1",03/07/2012,-
8917223,DEPOSITO AFIANCADO-AEROMEXICO S/A-AER.INT.S.PAULO-GUARULHOS,31/05/2012,-
8917224,DAF-COPA CIA PANAMENA DE AVIACION-A.I.SAO PAULO/GUARULHOS/SP,26/01/2009,-
8917226,DAF - TURKISH AIRLINES INC.,07/04/2009,-
8917227,DEP. AFIANÇADO - EMIRATES,07/08/2017,-
8917228,DEP. AFIANÇADO - IBERIA LINEAS AEREAS DE ESPAÑA S/A,08/06/2012,-
8917230,DEP. AFIANÇADO - LAN AIRLINES S/A,08/06/2012,-
8917231,DEP. AFIANÇADO - QATAR AIRWAYS,11/03/2013,-
8917233,DEP. AFIANÇADO - SOCIETE AIR FRANCE,08/06/2012,-
8917235,DEP. AFIANCADO - AIR CANADA,19/06/2012,-
8917701,DEP. DE LJ FRANCA - BRASIF DUTY FREE SHOP LTDA-GUARULHOS/SP -AEROPORTO ,12/01/2017,-
8917702,DEP. LJ FRANCA - H. STERN COM. E IND. S/A - GUARULHOS/SP - AEROPORTO ,26/01/2009,-
8917703,DEPOSITO DE LOJA FRANCA-BRASIF DUTY FREE SHOP-AISP/GURAULHOS,26/01/2009,-
8917704,DEPóSITO - BRASIF DUTY FREE SHOP LTDA.,26/01/2009,-
8917708,DUFRY LOJAS FRANCAS LTDA,11/04/2019,-
8917710,DUFRY LOJAS FRANCAS LTDA,12/05/2025,-
8917711,TELLERINA COMÉRCIO DE PRESENTES E ARTIGOS PARA DECORAÇÃO S/A,02/06/2026,-
8917712,JOIAS BRASILIS EXPORT - IMPORT LTDA.,30/10/2024,-
8919901,RFB - BAGAGEM ACOMPANHADA - GRU,27/02/2019,-
8921101,AEROPORTOS BRASIL - VIRACOPOS S/A,12/01/2017,-
8921102,VOA SE SPE S/A - AEROPORTO ESTADUAL DE SOROCABA,23/07/2025,-
8922002,EMPRESA BRASILEIRA DE CORREIOS E TELÉGRAFOS - ECT,13/09/2021,-
8922003,CAINIAO EXPRESS LTDA,16/10/2025,-
8922101,TERMINAL DE REMESSA EXPRESSA-DHL W. EXPRESS BRASIL LTDA.,04/02/2022,-
8922102,TERMINAL DE REMESSA EXPRESSA-UPS & CIA-AER.INT.VIRACOPOS/SP,01/08/2023,-
8922103,FEDERAL EXPRESS CORPORATION (FEDEX),20/11/2020,-
8922104,TUB EXPRESS TRANSPORTES INTERNACIONAIS LTDA,03/12/2025,-
8923201,MULTILOG - CLIA CAMPINAS,12/02/2022,-
8923202,EADI-LIBRAPORT CAMPINAS-S/A-ALADINO SELMI-APARECIDA/CAMPINAS,12/12/2022,-
8926101,LOJA FRANCA - BRASIL DUTY FREE SHOP LTDA. - CAMPINAS/SP - AEROPORTO ,26/01/2009,-
8926102,DUFRY DO BRASIL DUTY FREE SHOP LTDA,02/07/2013,-
8926103,DUFRY DO BRASIL DUTY FREE SHOP LTDA,02/07/2013,-
8926104,DUFRY LOJAS FRANCAS LTDA.,12/01/2015,-
8926105,DUFRY LOJAS FRANCAS LTDA.,12/01/2015,-
8927202,DEPOSITO AFIANCADO-ABSA S/A-AEROP.INT.VIRACOPOS-CAMPINAS/SP,20/02/2013,-
8927203,DEPOSITO AFIANCADO-UNITED PARCEL SERVICE-A.I. VIRACOPOS/SP,26/01/2009,-
8927204,DEPÓSITO AFIANçADO - AMERICAN AIRLINES INC,28/11/2014,-
8927205,AZUL LINHAS AÉREAS BRASILEIRAS S.A.,20/05/2015,-
8927206,LUFTHANSA CARGO A G,01/10/2019,-
8927207,CARGOLUX AIRLINES INTERNATIONAL S.A.,27/10/2020,-
8927208,MARTINAIR HOLLAND N.V.,29/10/2020,-
8927701,DUFRY DO BRASIL DUTY FREE SHOP LTDA,02/07/2013,-
8927702,DUFRY LOJAS FRANCAS LTDA.,12/01/2015,-
8929901,RFB - BAGAGEM ACOMPANHADA - JÓIAS - VCP,31/10/2018,-
8931301,CAIS PÚBLICO - AUTORIDADE PORTUARIA DE SANTOS S.A.,04/03/2024,-
8931304,IPA - TERMARES TERMINAIS MARITIMOS ESPECIALIZADOS LTDA,04/03/2024,-
8931305,IPA -TRANSBRASA TRANSITARIA BRASILEIRA LTDA,04/03/2024,-
8931306,INATIVO - SANTOS BRASIL S/A - TECON,04/03/2024,-
8931308,INATIVO - PAV DEICMAR S/A,04/03/2024,-
8931309,IPA - MOVECTA S.A.,25/03/2024,-
8931311,INATIVO: ELEVAÇÕES PORTUÁRIAS S.A.,29/11/2024,-
8931312,INATIVO - LIBRA TERMINAL 35,04/03/2024,-
8931316,IPA - NST - TERMINAIS E LOGISTICA S/A,04/03/2024,-
8931318,IPA - ECOPORTO SANTOS S.A. (PÁTIO 1),04/03/2024,-
8931319,INATIVO - CIA BANDEIRANTES,04/03/2024,-
8931320,IPA - CITROSUCO SERVICOS PORTUARIOS S.A.,04/03/2024,-
8931321,IPA - ADM DO BRASIL LTDA,04/03/2024,-
8931322,INATIVO - TRANSPETRO,04/03/2024,-
8931324,IPA - T-GRAO CARGO TERMINAL DE GRANEIS S/A,04/03/2024,-
8931333,IPA - TEAG-TERMINAL DE EXPORTACAO DE ACUCAR DO GUARUJA LTDA,04/03/2024,-
8931339,IPA - ECOPORTO SANTOS S.A. (PÁTIO 2),04/03/2024,-
8931340,IPA - AGEO NORTE TERMINAIS E ARMAZENS GERAIS S.A,04/03/2024,-
8931341,INATIVO - RODRIMAR,04/03/2024,-
8931342,IPA - MARIMEX DESPACHOS TRANSPORTES E SERVICOS LTDA,04/03/2024,-
8931345,IPA - ECOPORTO SANTOS S.A. (PÁTIO 3),04/03/2024,-
8931346,IPA - TERMINAL XXXIX DE SANTOS S.A,04/03/2024,-
8931347,IPA - TERMINAL MARITIMO DO GUARUJA S/A - TERMAG,04/03/2024,-
8931348,IPA - TGG - TERMINAL DE GRANEIS DO GUARUJA S.A.,04/03/2024,-
8931349,IPA - ADONAI QUIMICA S/A,04/03/2024,-
8931351,INATIVO - CEREAL SUL,04/03/2024,-
8931352,INATIVO - LIBRA TERMINAIS T33,04/03/2024,-
8931353,IPA - TERMINAL DE VEICULOS DE SANTOS S.A.,04/03/2024,-
8931354,IPA - TEG - TERMINAL EXPORTADOR DO GUARUJA LTDA.,04/03/2024,-
8931355,INATIVO - TERMINAL 12A S.A.,15/06/2025,-
8931356,IPA - SANTOS BRASIL PARTICIPACOES S.A.,04/03/2024,-
8931357,INATIVO - RODRIMAR S/A,04/03/2024,-
8931358,INATIVO - RISHIS EMP E PARTICIPAÇÕES S/A,04/03/2024,-
8931359,IPA - BRASIL TERMINAL PORTUARIO S.A.,04/03/2024,-
8931360,IPA - TES - TERMINAL EXPORTADOR DE SANTOS S.A.,04/03/2024,-
8931361,IPA - FIBRIA TERMINAL DE CELULOSE DE SANTOS SPE S.A,04/03/2024,-
8931362,IPA - AGEO LESTE TERMINAIS E ARMAZENS GERAIS S.A.,04/03/2024,-
8931364,IPA - BANDEIRANTES DEICMAR LOGISTICA INTEGRADA S.A,04/03/2024,-
8931365,TANQUE - GRANEL QUIMICA LTDA,04/03/2024,-
8931366,IPA - HIDROVIAS DO BRASIL ADMINISTRACAO PORTUARIA SANTOS S.A,04/03/2024,-
8931367,INATIVO: SANTOS BRASIL PARTICIPAÇÕES S.A. (SABOÓ),29/11/2024,-
8931368,INATIVO - BRACELL SP CELULOSE LTDA.,04/03/2024,-
8931369,IPA - BRACELL SP CELULOSE LTDA,04/03/2024,-
8931370,IPA - ELDORADO BRASIL CELULOSE LOGISTICA LTDA,04/03/2024,-
8931371,IPA - PETROLEO BRASILEIRO S A PETROBRAS,04/03/2024,-
8931372,IPA - CLI SUL S/A,11/07/2024,-
8931373,IPA - TEC - TERMINAL EXPORTADOR COFCO LTDA.,28/11/2024,-
8931401,TUP - USINAS SIDERURGICAS DE MINAS GERAIS S/A. USIMINAS,04/03/2024,-
8931402,TUP - ULTRAFERTIL SA,04/03/2024,-
8931403,IPA - COMPANHIA AUXILIAR DE ARMAZENS GERAIS,04/03/2024,-
8931404,TUP - (DP WORLD SANTOS) EMBRAPORT EMPRESA BRASILEIRA DE TERMINAIS ,28/01/2026,-
8931405,TRSP - TERMINAL DE REGASEIFICAÇÃO DE GNL,13/05/2024,-
8932208,TANQUE - STOLTHAVEN SANTOS LTDA,04/03/2024,-
8932209,TUP - SUCOCITRICO CUTRALE LTDA,04/03/2024,-
8932212,TANQUE - VOPAK BRASIL S.A.,04/03/2024,-
8932213,INATIVO - SILO - BUNGE ALIMENTOS S/A (PAQUETÁ),11/07/2024,-
8932215,SILO - BUNGE ALIMENTOS S/A (ESTUÁRIO),04/03/2024,-
8932216,TANQUE - ULTRACARGO LOGISTICA S.A.,04/03/2024,-
8932217,SILO - NEVES & MARINHEIRO LTDA.,04/03/2024,-
8932218,IPA - AGEO TERMINAIS E ARMAZENS GERAIS S.A,04/03/2024,-
8932220,TANQUE - CITROSUCO S/A AGROINDUSTRIA (DEPOSITO SANTOS),04/03/2024,-
8932221,TANQUE - JUPITER CARGAS LTDA,04/03/2024,-
8932706,REDEX - I - ARMAZENS GERAIS FASSINA LTDA (SANTOS),04/03/2024,-
8932707,REDEX - II - ARMAZENS GERAIS FASSINA LTDA (GUARUJÁ),04/03/2024,-
8932709,REDEX - I - S.MAGALHAES S.A. LOGISTICA EM COMERCIO EXTERIOR,04/03/2024,-
8932710,REDEX - II - S.MAGALHAES S.A. LOGISTICA EM COMERCIO EXTERIOR,04/03/2024,-
8932711,REDEX - CORTES ARMAZENS GERAIS LTDA,04/03/2024,-
8932714,REDEX - I - ALAMO ARMAZENS E SERVICOS INTERMODAIS LTDA,04/03/2024,-
8932722,REDEX - ESTRELA LOGISTICA E TRANSPORTES LTDA,04/03/2024,-
8932724,REDEX - I - HIPERCON TERMINAIS DE CARGAS LTDA,04/03/2024,-
8932739,REDEX - II -HIPERCON TERMINAIS DE CARGAS LTDA,04/03/2024,-
8932747,REDEX - II - ALAMO ARMAZENS E SERVICOS INTERMODAIS LTDA,04/03/2024,-
8932754,REDEX - TRANSPORTES DELLA VOLPE S A COMERCIO E INDUSTRIA,04/03/2024,-
8932758,INATIVO - REDEX - BRADO LOGISTICA S.A.,02/08/2025,-
8932759,REDEX - BANDEIRANTES DEICMAR LOGISTICA INTEGRADA S.A,04/03/2024,-
8932761,INATIVO - REDEX - JBS S/A,15/01/2026,-
8932762,REDEX - SATEL DE SANTOS TRANSPORTES LTDA,04/03/2024,-
8932768,INATIVO - REDEX - TSL - TRANSPORTES SCATUZZI LTDA,06/09/2024,-
8932773,REDEX - I - ISIS - TRANSPORTES E LOCACAO LTDA,04/03/2024,-
8932774,REDEX - I - DINAMO INTER-AGRICOLA LTDA,04/03/2024,-
8932775,REDEX - SIGMA TRANSPORTES E LOGISTICA LTDA,04/03/2024,-
8932778,REDEX - PAULISTA TERMINAL RETROPORTUARIO LTDA.,04/03/2024,-
8932785,"INATIVO - REDEX - SERRA TRANSPORTES RODOVIARIOS, TERMINAIS DE CONTEINERES E ",22/04/2024,-
8932788,REDEX - II - ISIS-TRANSPORTES E LOCACAO LTDA,04/03/2024,-
8932791,INATIVO - REDEX EXPRESSO GUARUJÁ TERMINAIS E SERVIÇOS,04/03/2024,-
8932792,REDEX - DEPOTCE - DEPOSITO DE TANK CONTAINERS CESARI LTDA.,04/03/2024,-
8932793,REDEX - GTMINAS TRANSPORTES E TERMINAL DE CARGAS LTDA,04/03/2024,-
8932794,REDEX - II - DINAMO INTER-AGRICOLA LTDA,04/03/2024,-
8932796,REDEX - III - S.MAGALHAES S.A. LOGISTICA EM COMERCIO EXTERIO,04/03/2024,-
8932797,"REDEX - SERRA TRANSPORTES RODOVIARIOS, TERMINAIS DE CONTEI-NERES E LOGISTICA ",25/03/2024,-
8932798,REDEX - IV - S.MAGALHAES S.A. LOGISTICA EM COMERCIO EXTERIOR,04/03/2024,-
8932799,REDEX - DALASTRA MONITORAMENTO DE CARGAS E TRANSPORTES LTDA.,31/07/2024,-
8933001,CLIA - MOVECTA S.A.,25/03/2024,-
8933201,CLIA - MULTILOG BRASIL S.A.,04/03/2024,-
8933202,CLIA - EUDMARCO S.A. SERVICOS E COMERCIO INTERNACIONAL,04/03/2024,-
8933203,CLIA - SANTOS BRASIL LOGISTICA S.A. (GUARUJÁ),04/03/2024,-
8933204,CLIA - SANTOS BRASIL LOGISTICA S.A. (SANTOS),04/03/2024,-
8933206,CLIA - BANDEIRANTES DEICMAR LOGISTICA INTEGRADA S.A,04/03/2024,-
8933801,TUP - DOW BRASIL SUDESTE INDUSTRIAL LTDA.,04/03/2024,-
8933802,SAIPEM DO BRASIL SERVIÇOS DE PETRÓLEO LTDA.,19/04/2026,-
8935701,REDEX - MSC MEDITERRANEAN LOGÍSTICA LTDA.,25/11/2024,-
8935702,REDEX - BCS TERMINAL DE CONTAINER LTDA.,05/12/2025,-
8935703,REDEX - GUARUJÁ TERMINAIS ARMAZÉNS GERAIS LOGÍSTICA E TRANSP,20/03/2026,-
8935704,REDEX - CONLINE MONITORAMENTO DE CARGAS E TRANSPORTES,24/06/2026,-
8941101,AEROPORTO DE SÃO JOSÉ DOS CAMPOS LTDA.,19/09/2025,-
8942001,RPI - SETOR DE ENCOM. INTENAC. DA ECT - SAO PAULO/SP,22/02/2018,-
8943001,UNIVERSAL ARMAZÉNS GERAIS E ALFANDEGADOS LTDA.,29/10/2021,-
8943202,"EADI-CNAGA-AV.NAçOES UNIDAS,22452,ST.AMARO - SAO PAULO/SP",12/01/2017,-
8943203,MULTILOG - CLIA MOOCA,16/08/2018,-
8943204,"EADI-EMBRAGEN-AV.MACKENZIE,137,JAGUARE-SAO PAULO/SP",12/01/2017,-
8943206,EADI - AGESBEC,12/02/2022,-
8943207,"EADI-CRAGEA-ROD.INDIO TIBIRIçA,KM 58,PALMEIRAS-SUZANO/SP",12/02/2022,-
8943208,WILSON SONS TERMINAIS E LOGÍSTICA LTDA.,12/02/2022,-
8943209,EADI-LACHMANN TERMINAIS LTDA.-SAO BERNARDO DO CAMPO/SP,12/02/2022,-
8943210,PORTO SECO TRANSQUADROS ARM.GERAIS ALF.S/A-GUARULHOS/S,21/11/2011,-
8943211,MULTILOG - PORTO SECO BARUERI,12/02/2022,-
8943212,EADI TAUBATÉ LTDA.,25/01/2022,-
8943213,AURORA TERMINAIS E SERVIÇOS LTDA.,08/11/2021,-
8943214,BRADO BAURU,17/11/2022,-
8944101,ENTREP.ADUANEIRO-USO PUBL.FEIRAS-ASSOC.BR.500-SAO PAULO/SP,21/02/2011,-
8944104,ENTREP.ADUANEIRO-USO PUBLICO-EXPOSIÇÃO-BRASIL CONNECTS,21/02/2011,-
8944105,BRASIL CONNECTS CULTURA - ENTREP.ADUANEIRO-EXPOSICAO,21/02/2011,-
8944107,FUNDACAO BIENAL DE SAO PAULO - ENTREP. ADUANEIRO,18/08/2025,-
8945201,IRF-SP (NACIONALIZACAO RECOF),22/08/2011,-
8947102,DEA - GENERAL ELETRIC DO BRASIL S/A - JURUBATUBA/SP,21/02/2011,-
8947103,DEA - MOTORES ROLLS ROYCE LTDA - SAO BERNARDO DO CAMPO/SP,21/02/2011,-
8947104,DEA - PHILIPS MEDICAL SYSTEMS LTDA - SAO PAULO/SP,21/02/2011,-
8947106,DEA - HELIBRAS - JURUBATUBA - SAO PAULO/SP,21/02/2011,-
8947107,DEA - SIEMENS SA - LAPA - SAO PAULO/SP,21/02/2011,-
8947108,DEPÓSITO ESPECIAL - ALF/SÃO PAULO,12/02/2022,-
8949901,OUTROS - EVENTOS CULTURAIS E ESPORTIVOS - COPA 2014,09/05/2014,-
9100001,PATIO DO PORTO DE ITAJAI,21/02/2011,-
9100002,PÁTIO DO PORTO DE NAVEGANTES,21/02/2011,-
9100003,PÁTIO TFLU SEARA - RECINTO BRASKARNE,18/03/2025,-
9101101,AER.INTERN.NAVEGANTES-MIN VICTOR KONDER-CCR,13/07/2023,-
9101102,TECA 1 - PAC LOGÍSTICA E HANGARAGEM,24/04/2025,-
9101103,TECA 2 - PAC LOGÍSTICA E HANGARAGEM,25/11/2025,-
9101301,PORTO MAR.ALF-ITAJAI-SUPERINT. DO PORTO DE ITAJAI/SC,26/06/2025,-
9101302,SEARA - INSTALAÇÃO PORTUÁRIA DE USO PUBLICO,08/10/2024,-
9101303,PORTO ORGANIZADO - APS - ITAJAI,02/04/2026,-
9101304,PORTO ORGANIZADO - CODEBA- ITAJAI,05/01/2026,-
9101401,INST.PORT.MAR.ALF.USO PRIVATIVO MISTO-APM TERMINALS ITAJAÍ S/A,27/09/2023,-
9101402,BARRA DO RIO TERMINAL PORTUÁRIO S/A.,12/02/2022,-
9101403,BONTUR - INSTALAÇÃO PORTUÁRIA DE TURISMO,10/02/2025,-
9101601,INST.PORT.FLUV.USO PRIVATIVO - SEARA ALIMENTOS S/A.,12/01/2017,-
9101602,INST. PORT. FLUVIAL DE USO PRIVAT. MISTO_- PORTONAVE S/A,12/01/2017,-
9101603,INST. PORT. FLUVIAL DE USO PRIVAT. MISTO_- TEPORTI,12/01/2017,-
9101604,INST. PORT. FLUVIAL DE USO PRIV. POLY TERMINAIS PORTUARIO,12/01/2017,-
9102703,ITAZEM LOGÍSTICA PORTUÁRIA S/A,12/01/2017,-
9103001,CLIA - LOCALFRIO S.A. ARMAZÉNS GERAIS FRIGORÍFICOS,02/10/2017,-
9103002,FORTE DISTRIBUIÇÃO E LOGÍSTICA DO BRASIL LTDA.,12/02/2022,-
9103003,CONEXÃO MARÍTIMA - SERVIÇOS LOGÍSTICOS S.A.,12/02/2022,-
9103201,CLIA - MULTILOG S.A.,16/08/2017,-
9121302,INST.PORT.MAR.ALF.USO PUBLICO-TERM.P.P.FELIX S/A-PARANAGUA/P,14/03/2023,-
9139801,DRF-BLUMENAU-NACIONALIZAÇÃO ADM.TEMP.(NOTICIA82/06),13/07/2010,-
9203202,PORTO SECO - INSTITUTO DESENV. RURAL PARANÁ - IDR/PARANÁ,31/03/2022,-
9211901,PONTO DE FRONTEIRA (BRASIL/ARGENTINA) STO ANT. DO SUDOESTE/PR,01/01/2018,-
9221901,PONTO DE FRONTEIRA ALFANDEGADO (BR/ARG)-CAPANEMA,01/01/2018,-
9309801,NACIONALIZACAO ADM TEMP (NOTICIA 82/06),19/08/2025,-
9401101,AEROPORTO INTERNACIONAL SILVIO NAME JUNIOR,21/06/2024,-
9401103,TECA - AEROPORTO SILVIO NAME JUNIOR,08/11/2024,-
9500001,PATIO DA PONTE TANCREDO NEVES,01/01/2018,-
9500002,PATIO DA PONTE DA AMIZADE,01/01/2018,-
9500003,PATIO DA AREA DE CONT. INTEG. PY/BR CIUDAD DEL ESTE,01/01/2018,-
9501101,AER.INTERN.FOZ IGUAÇU-CATARATAS-CCR,06/04/2022,-
9501502,RFB - PORTO RIO PARANÁ SEGUNDA PONTE - FOZ,12/02/2022,-
9501601,INST.PORT.FLUV.MISTO-PORTO DO RIO IGUACU TER.FLUV.COM.LTDA,01/01/2018,-
9501901,PONTE DA AMIZADE (BRASIL/PARAGUAI) FOZ DE IGUACU/PR- PONTO D E FRONTEIRA ,15/03/2023,-
9501902,PONTE PTE. TANCREDO NEVES (BRASIL/ARGENTINA) FOZ DE IGUACU/PRPONTO DE ,01/01/2018,-
9501903,PONTE DA INTEGRAÇÃO (BRASIL-PARAGUAI) FOZ,19/12/2025,-
9502601,AREA DE CONTROLE INTEGRADO-CIDAD DEL ESTE-PY/F.IGUAÇU/BR,06/06/2018,-
9502801,DEPóSITO DE MERCADORIAS APREENDIDAS - DRF/FOZ IGUAçU,01/01/2018,-
9503201,MULTILOG BRASIL S.A,07/11/2022,-
9511501,PORTO DE SANTA HELENA - PM DE STA HELENA - SANTA HELENA/PR PORTO FLUVIAL ,31/05/2021,-
9701201,PONTA NEGRA - TECA DO AEROPORTO DE JOINVILLE,11/03/2022,-
9702702,REDEX - ALOG ARMAZÉNS GERAIS LTDA.,22/08/2025,-
9703001,CLIA - MULTILOG S.A.,26/07/2017,-
9801301,PORTO DE PARANAGUA-PARANAGUA/PR- ADM DOS PT DE PAR.E ANT.,12/02/2022,-
9801303,TCP - TERMINAL DE CONTEINERES DE PARANAGUA S/A,12/01/2017,-
9801304,INST.PORT.MAR.ALF. COTRIGUAÇU COOPERATIVA CENTRAL,12/01/2017,-
9801305,INST.PORT.MARIT.DE USO PUBLICO - PETROBRAS TRANSPORTE S.A.,12/01/2017,-
9801306,INTERALLI ADMINISTRAÇÃO E PARTICIPAÇÕES S/A,12/01/2017,-
9801307,INST.PORT.MAR.ALF.-USO PúBL.-ADM.PORTOS PARANAGUá/ANTONINA,12/01/2017,-
9801308,ROCHA TERMINAIS PORTUÁRIOS E LOGÍSTICA S/A,12/02/2022,-
9801309,TEPAGUÁ - TERMINAL PúBLICO DE ÁLCOOL DO PORTO DE PARANAGUá,03/10/2025,-
9801310,KLABIN PARANAGUÁ SPE S.A.,21/12/2022,-
9801311,BTG PACTUAL - GRANEL SÓLIDO,29/10/2025,-
9801312,FORTEPAR OPERAÇÕES PORTUÁRIAS S.A.,29/10/2025,-
9801313,AMAGGI & LDC TERMINAIS - GRANEL SÓLIDO,30/12/2025,-
9801402,INST.PORT.MAR.ALF.USO PRIV.WOLKSWAGEN DO BRASIL-P.PARANAGUA,12/07/2026,-
9801403,INST.PORT.MAR.ALF.USO PRIVATIVO-CATTALINI LTDA-P.PARANAGUA,12/01/2017,-
9801404,INST.PORT.MAR.ALF.-USO PRIV. FOSPAR S/A-PT.ORG. PARANAGUA/PR,12/01/2017,-
9801405,INST.PORT.MAR.ALF-USO PRIVAT.CARGIL AGR.S/A-PT. PARANAGUA/PR,31/05/2021,-
9801406,INST.PORT.MAR.ALF-USO PRIV.- PASA S/A - PARANAGUA/PR,31/05/2021,-
9801407,INST.PORT.MARIT.ALF.USO PRIV.MISTO-BUNGE ALIM.S/A,03/10/2025,-
9801408,INST.PORT.MAR.ALF.USO MISTO-ROCHA TOP TERM.OP.PORT.LTDA.PARANAGUÁ/PR,12/01/2017,-
9801410,CENTRO SUL SERVIÇOS MARÍTIMOS LTDA,28/10/2025,-
9801411,INST.PORT.MAR.ALF.USO MISTO - COAMO,12/01/2017,-
9801412,INST.PORT.MAR.ALF.USO MISTO - LOUIS DREYFUS,20/12/2025,-
9801413,ASCENSUS TV PAR SPE S.A.,25/07/2023,-
9801414,TERMINAL OESTE DE EXPORTAÇÃO - GRANEL SÓLIDO,14/05/2025,-
9802201,TANQUE ALFANDEGADO-UNIAO VOPAK ARM.GERAIS-PARANAGUA/PR,03/10/2025,-
9802202,TANQUE ALFANDEGADO - BUNGE ALIMENTOS S/A,12/01/2017,-
9802203,ARMAZENS GERAIS TERMINAIS LTDA,18/02/2021,-
9802204,CPA TERMINAL PARANAGUÁ S.A,05/05/2017,-
9802205,CIMBESSUL S.A. CENTRO INT. DE MERC. BENS E SERV. DO MERCOSUL,12/02/2022,-
9802206,ROCHA TERMINAIS PORTUÁRIOS E LOGÍSTICA S.A.,12/02/2022,-
9802207,CBL - COMPANHIA BRASILEIRA DE LOGÍSTICA S.A.,12/02/2022,-
9802208,CAP ADMINISTRAÇÃO PORTUÁRIA SPE S/A,12/02/2022,-
9802209,COAMO AGROINDUSTRIAL COOPERATIVA,09/03/2022,-
9802210,LIQUIPAR OPER. PORTUÁRIAS - GRANEL LÍQUIDO,17/04/2025,-
9802703,REDEX-CIA PRODUTORES ARM.GERAIS-PARANAGUA/PR,07/08/2024,-
9802705,REDEX-MARTINI MEAT S/A - PARANAGUA/PR,12/01/2017,-
9802713,SULTERMINAIS DE ARMAZÉNS GERAIS LTDA.,12/02/2022,-
9807401,DEPOSITO FRANCO-REP.DO PARAGUAI-PARANAGUA/PR,26/01/2009,-
9911701,PORTO DE GUAIRA - PORTO LACUSTRE ALF./PUBLICO - GUAIRA/PR,02/07/2025,-
9911702,PORTO DE GUAÍRA - PORTO LACUSTRE ALFANDEGADO,12/02/2022,-
9951101,CONCESSIONÁRIA DO AEROP. INTERNACIONAL DE FLORIANÓPOLIS SA,13/11/2018,-
9956103,DUFRY LOJAS FRANCAS LTDA,06/02/2020,-
9956104,DUFRY LOJAS FRANCAS LTDA,03/02/2020,-
9957702,DUFRY LOJAS FRANCAS LTDA,06/02/2020,-
9961901,PONTO FRONTEIRA(BRASIL/ARGENTINA)ACI/CARGAS-DIONISIO CERQUEIRA/SC,01/01/2018,-
9961902,PONTO FRONTEIRA (BRASIL/ARGENT)-TURISMO/SUBSISTENCIA DION CQ,01/01/2018,-
9961903,PONTO DE FRONTEIRA ALFANDEGADO,16/03/2018,-
9961904,PONTO DE FRONTEIRA - PARAÍSO,03/02/2025,-
9963101,PORTO SECO DIONISIO CERQUEIRA,22/12/2023,-
9971301,PORTO DE IMBITUBA - SCPAR PORTO DE IMBITUBA S/A - IMBITUBA/SC,01/01/2018,-
9971302,INSTALACOES PORT.USO PUBLICO/CRB OPERACOES PORTUARIAS S/A,31/05/2021,-
9971303,INST.PORT.USO PUB-TECON-SANTOS BRASIL PARTICIPAÇÕES,31/05/2021,-
9971304,INST.PORT.USO PUB-TCG-SANTOS BRASIL PARTICIPAÇÕES,31/05/2021,-
9971402,FERTILIZANTES SANTA CATARINA LTDA. (FERTISANTA),12/02/2022,-
9972201,SERRA MORENA CORRETORA EIRELI,01/09/2021,-
9972701,SANRY CEREALISTA E ARMAZENAGEM LTDA.,12/02/2022,-
9972702,REDEX - SERRA MORENA CORRETORA LTDA.,22/09/2023,-
9981301,PORTO DE SÃO FRANCISCO DO SUL - SÃO FRANCISCO,11/10/2020,-
9981302,TESC - TERMINAL SANTA CATARINA S.A.,07/12/2018,-
9981303,CIA INTEGRADA DE DESENV. AGRÍCOLA DE SC (CIDASC),10/11/2020,-
9981401,INST.PORT.MAR.ALF-USO PRIVATIVO-TRANSPETRO S/A-S.FRANC.SUL/S,12/01/2017,-
9981402,INST.PORT.MAR.ALF-USO PRIVATIVO-TERLOGS TERMI,12/01/2017,-
9981403,ITAPOÁ TERMINAIS PORTUÁRIOS S/A,12/01/2017,-
9982201,BUNGE ALIMENTOS S/A,31/05/2021,-
9982701,WRC OPERADORES PORTUÁRIOS S.A.,12/02/2022,-
9982704,LOGIMODAL OPERAÇÕES LOGÍSTICAS LTDA,18/02/2024,-
9982705,REDEX - CDI - CONTAINER DEPOT ITAPOÃ,22/12/2025,-
9983001,CLIA - CENTRO LOGÍST. INTEGRADO FASTCARGO S.A.,12/02/2022,-
9983201,PORTO SECO - ROCHA TERMINAIS DE CARGA LTDA.,31/05/2021,-
9991101,AER.INTERN.CURITIBA-AFONSO PENA-CCR,06/04/2022,-
9991102,PAC LOGÍSTICA E HANGARAGEM LTDA,02/01/2023,-
9992001,RPI-SETOR DE ENCOM.INTERN.DA ECT-CURITIBA/PR,23/10/2025,-
9993201,MULTILOG BRASIL S.A,15/03/2026,-
9993202,MULTILOG BRASIL S.A,07/10/2020,-
9995301,IRF CURITIBA (REC. ESP. DE ENERGIA ELETRICA EXP. E IMP.),01/01/2018,-
9997201,AMERICAN AIRLINES INC. - DAF,01/01/2018,-
9997202,LUFTHANSA CARGO A G,19/08/2021,-
